sample,MOS_LQO
sp01_babble_sn5_klt.wav,2.713719
sp01_babble_sn5_klt_jabloun.wav,2.697965
sp01_babble_sn5_stsa.wav,2.548802
sp01_babble_sn5_logstsa.wav,2.243176
sp01_babble_sn5_logstsa_nest.wav,2.525531
sp01_babble_sn5_logstsa_sap_q.wav,2.973819
sp01_babble_sn5_weuclid.wav,2.460344
sp01_babble_sn5_rdc.wav,1.822907
sp01_babble_sn5_rdc_nest.wav,2.329841
sp01_babble_sn5_mb.wav,2.635221
sp01_babble_sn5_wavthre.wav,2.988506
sp01_babble_sn5_scalart.wav,2.598753
sp01_babble_sn5_tsoukalas.wav,3.410298
sp01_babble_sn5_unprocessed.wav,1.285175
sp02_babble_sn5_klt.wav,3.190595
sp02_babble_sn5_klt_jabloun.wav,3.520302
sp02_babble_sn5_stsa.wav,3.264706
sp02_babble_sn5_logstsa.wav,3.111587
sp02_babble_sn5_logstsa_nest.wav,2.381063
sp02_babble_sn5_logstsa_sap_q.wav,4.036488
sp02_babble_sn5_weuclid.wav,3.165254
sp02_babble_sn5_rdc.wav,2.951164
sp02_babble_sn5_rdc_nest.wav,3.158938
sp02_babble_sn5_mb.wav,3.498428
sp02_babble_sn5_wavthre.wav,3.66408
sp02_babble_sn5_scalart.wav,3.252884
sp02_babble_sn5_tsoukalas.wav,4.218065
sp02_babble_sn5_unprocessed.wav,2.323757
sp03_babble_sn5_klt.wav,3.60729
sp03_babble_sn5_klt_jabloun.wav,3.609455
sp03_babble_sn5_stsa.wav,3.528847
sp03_babble_sn5_logstsa.wav,3.182968
sp03_babble_sn5_logstsa_nest.wav,3.378135
sp03_babble_sn5_logstsa_sap_q.wav,3.716647
sp03_babble_sn5_weuclid.wav,4.307754
sp03_babble_sn5_rdc.wav,2.806489
sp03_babble_sn5_rdc_nest.wav,2.411439
sp03_babble_sn5_mb.wav,3.34358
sp03_babble_sn5_wavthre.wav,3.470879
sp03_babble_sn5_scalart.wav,4.033968
sp03_babble_sn5_tsoukalas.wav,3.735739
sp03_babble_sn5_unprocessed.wav,2.319677
sp04_babble_sn5_klt.wav,3.196171
sp04_babble_sn5_klt_jabloun.wav,3.410466
sp04_babble_sn5_stsa.wav,2.839074
sp04_babble_sn5_logstsa.wav,2.993245
sp04_babble_sn5_logstsa_nest.wav,2.781261
sp04_babble_sn5_logstsa_sap_q.wav,3.825302
sp04_babble_sn5_weuclid.wav,2.875215
sp04_babble_sn5_rdc.wav,2.935166
sp04_babble_sn5_rdc_nest.wav,2.735079
sp04_babble_sn5_mb.wav,3.211637
sp04_babble_sn5_wavthre.wav,3.459029
sp04_babble_sn5_scalart.wav,3.207609
sp04_babble_sn5_tsoukalas.wav,3.493634
sp04_babble_sn5_unprocessed.wav,2.33868
sp06_babble_sn5_klt.wav,2.721983
sp06_babble_sn5_klt_jabloun.wav,3.346676
sp06_babble_sn5_stsa.wav,1.806028
sp06_babble_sn5_logstsa.wav,3.388491
sp06_babble_sn5_logstsa_nest.wav,3.148675
sp06_babble_sn5_logstsa_sap_q.wav,2.177568
sp06_babble_sn5_weuclid.wav,2.309121
sp06_babble_sn5_rdc.wav,2.750284
sp06_babble_sn5_rdc_nest.wav,3.052594
sp06_babble_sn5_mb.wav,4.075578
sp06_babble_sn5_wavthre.wav,3.031852
sp06_babble_sn5_scalart.wav,3.081721
sp06_babble_sn5_tsoukalas.wav,3.824427
sp06_babble_sn5_unprocessed.wav,2.296733
sp07_babble_sn5_klt.wav,2.897917
sp07_babble_sn5_klt_jabloun.wav,2.582405
sp07_babble_sn5_stsa.wav,2.823936
sp07_babble_sn5_logstsa.wav,2.517186
sp07_babble_sn5_logstsa_nest.wav,2.896797
sp07_babble_sn5_logstsa_sap_q.wav,3.404773
sp07_babble_sn5_weuclid.wav,3.002509
sp07_babble_sn5_rdc.wav,2.161226
sp07_babble_sn5_rdc_nest.wav,1.624879
sp07_babble_sn5_mb.wav,2.903853
sp07_babble_sn5_wavthre.wav,2.713431
sp07_babble_sn5_scalart.wav,3.207971
sp07_babble_sn5_tsoukalas.wav,3.916143
sp07_babble_sn5_unprocessed.wav,1.549971
sp08_babble_sn5_klt.wav,2.609852
sp08_babble_sn5_klt_jabloun.wav,2.628657
sp08_babble_sn5_stsa.wav,2.806691
sp08_babble_sn5_logstsa.wav,2.967975
sp08_babble_sn5_logstsa_nest.wav,2.457856
sp08_babble_sn5_logstsa_sap_q.wav,2.866513
sp08_babble_sn5_weuclid.wav,2.964969
sp08_babble_sn5_rdc.wav,2.610067
sp08_babble_sn5_rdc_nest.wav,2.459375
sp08_babble_sn5_mb.wav,2.906231
sp08_babble_sn5_wavthre.wav,2.643574
sp08_babble_sn5_scalart.wav,3.790986
sp08_babble_sn5_tsoukalas.wav,3.299523
sp08_babble_sn5_unprocessed.wav,2.335151
sp09_babble_sn5_klt.wav,2.927617
sp09_babble_sn5_klt_jabloun.wav,2.892068
sp09_babble_sn5_stsa.wav,2.759079
sp09_babble_sn5_logstsa.wav,2.345215
sp09_babble_sn5_logstsa_nest.wav,2.318211
sp09_babble_sn5_logstsa_sap_q.wav,3.200078
sp09_babble_sn5_weuclid.wav,2.622446
sp09_babble_sn5_rdc.wav,2.798116
sp09_babble_sn5_rdc_nest.wav,2.573647
sp09_babble_sn5_mb.wav,2.918001
sp09_babble_sn5_wavthre.wav,3.045578
sp09_babble_sn5_scalart.wav,2.730135
sp09_babble_sn5_tsoukalas.wav,3.692319
sp09_babble_sn5_unprocessed.wav,3.615382
sp11_babble_sn5_klt.wav,2.568467
sp11_babble_sn5_klt_jabloun.wav,2.841668
sp11_babble_sn5_stsa.wav,3.35894
sp11_babble_sn5_logstsa.wav,3.230043
sp11_babble_sn5_logstsa_nest.wav,3.063966
sp11_babble_sn5_logstsa_sap_q.wav,3.629727
sp11_babble_sn5_weuclid.wav,3.389842
sp11_babble_sn5_rdc.wav,2.53769
sp11_babble_sn5_rdc_nest.wav,2.885394
sp11_babble_sn5_mb.wav,2.884364
sp11_babble_sn5_wavthre.wav,2.66178
sp11_babble_sn5_scalart.wav,3.394627
sp11_babble_sn5_tsoukalas.wav,4.481167
sp11_babble_sn5_unprocessed.wav,2.759588
sp12_babble_sn5_klt.wav,2.592
sp12_babble_sn5_klt_jabloun.wav,2.390293
sp12_babble_sn5_stsa.wav,3.012248
sp12_babble_sn5_logstsa.wav,2.759203
sp12_babble_sn5_logstsa_nest.wav,2.878506
sp12_babble_sn5_logstsa_sap_q.wav,3.395198
sp12_babble_sn5_weuclid.wav,2.777385
sp12_babble_sn5_rdc.wav,2.37169
sp12_babble_sn5_rdc_nest.wav,2.188453
sp12_babble_sn5_mb.wav,2.522456
sp12_babble_sn5_wavthre.wav,2.832536
sp12_babble_sn5_scalart.wav,2.810724
sp12_babble_sn5_tsoukalas.wav,3.224318
sp12_babble_sn5_unprocessed.wav,2.471955
sp13_babble_sn5_klt.wav,2.508463
sp13_babble_sn5_klt_jabloun.wav,2.917553
sp13_babble_sn5_stsa.wav,2.721318
sp13_babble_sn5_logstsa.wav,2.584262
sp13_babble_sn5_logstsa_nest.wav,3.447762
sp13_babble_sn5_logstsa_sap_q.wav,5
sp13_babble_sn5_weuclid.wav,2.720208
sp13_babble_sn5_rdc.wav,2.726505
sp13_babble_sn5_rdc_nest.wav,2.477983
sp13_babble_sn5_mb.wav,2.834346
sp13_babble_sn5_wavthre.wav,3.120881
sp13_babble_sn5_scalart.wav,3.859799
sp13_babble_sn5_tsoukalas.wav,3.264056
sp13_babble_sn5_unprocessed.wav,3.144688
sp14_babble_sn5_klt.wav,2.29595
sp14_babble_sn5_klt_jabloun.wav,2.760215
sp14_babble_sn5_stsa.wav,2.05921
sp14_babble_sn5_logstsa.wav,2.888097
sp14_babble_sn5_logstsa_nest.wav,2.634703
sp14_babble_sn5_logstsa_sap_q.wav,3.928413
sp14_babble_sn5_weuclid.wav,2.420035
sp14_babble_sn5_rdc.wav,1.618408
sp14_babble_sn5_rdc_nest.wav,1.817557
sp14_babble_sn5_mb.wav,2.604101
sp14_babble_sn5_wavthre.wav,2.846823
sp14_babble_sn5_scalart.wav,3.301432
sp14_babble_sn5_tsoukalas.wav,3.115245
sp14_babble_sn5_unprocessed.wav,1.770284
sp16_babble_sn5_klt.wav,2.580424
sp16_babble_sn5_klt_jabloun.wav,2.304536
sp16_babble_sn5_stsa.wav,2.852249
sp16_babble_sn5_logstsa.wav,2.433231
sp16_babble_sn5_logstsa_nest.wav,2.534403
sp16_babble_sn5_logstsa_sap_q.wav,2.305567
sp16_babble_sn5_weuclid.wav,2.671562
sp16_babble_sn5_rdc.wav,2.126104
sp16_babble_sn5_rdc_nest.wav,1.947489
sp16_babble_sn5_mb.wav,2.537447
sp16_babble_sn5_wavthre.wav,2.699554
sp16_babble_sn5_scalart.wav,3.302804
sp16_babble_sn5_tsoukalas.wav,3.370375
sp16_babble_sn5_unprocessed.wav,2.246863
sp17_babble_sn5_klt.wav,2.871919
sp17_babble_sn5_klt_jabloun.wav,2.53458
sp17_babble_sn5_stsa.wav,3.690467
sp17_babble_sn5_logstsa.wav,3.711912
sp17_babble_sn5_logstsa_nest.wav,3.243174
sp17_babble_sn5_logstsa_sap_q.wav,3.506915
sp17_babble_sn5_weuclid.wav,3.54031
sp17_babble_sn5_rdc.wav,1.933912
sp17_babble_sn5_rdc_nest.wav,1.997187
sp17_babble_sn5_mb.wav,2.717427
sp17_babble_sn5_wavthre.wav,2.362387
sp17_babble_sn5_scalart.wav,3.568483
sp17_babble_sn5_tsoukalas.wav,3.786853
sp17_babble_sn5_unprocessed.wav,1.866951
sp18_babble_sn5_klt.wav,2.396294
sp18_babble_sn5_klt_jabloun.wav,2.421276
sp18_babble_sn5_stsa.wav,2.555124
sp18_babble_sn5_logstsa.wav,2.912969
sp18_babble_sn5_logstsa_nest.wav,3.261606
sp18_babble_sn5_logstsa_sap_q.wav,3.247462
sp18_babble_sn5_weuclid.wav,2.526401
sp18_babble_sn5_rdc.wav,2.758112
sp18_babble_sn5_rdc_nest.wav,2.833417
sp18_babble_sn5_mb.wav,2.401381
sp18_babble_sn5_wavthre.wav,2.766507
sp18_babble_sn5_scalart.wav,3.049007
sp18_babble_sn5_tsoukalas.wav,2.968133
sp18_babble_sn5_unprocessed.wav,2.722733
sp19_babble_sn5_klt.wav,2.478282
sp19_babble_sn5_klt_jabloun.wav,2.310155
sp19_babble_sn5_stsa.wav,2.538627
sp19_babble_sn5_logstsa.wav,2.264024
sp19_babble_sn5_logstsa_nest.wav,2.754767
sp19_babble_sn5_logstsa_sap_q.wav,3.851594
sp19_babble_sn5_weuclid.wav,2.107511
sp19_babble_sn5_rdc.wav,2.389652
sp19_babble_sn5_rdc_nest.wav,2.348556
sp19_babble_sn5_mb.wav,2.264041
sp19_babble_sn5_wavthre.wav,2.56562
sp19_babble_sn5_scalart.wav,2.990755
sp19_babble_sn5_tsoukalas.wav,1.743327
sp19_babble_sn5_unprocessed.wav,2.472736
sp01_car_sn5_klt.wav,2.347567
sp01_car_sn5_klt_jabloun.wav,2.848358
sp01_car_sn5_stsa.wav,2.850171
sp01_car_sn5_logstsa.wav,2.68298
sp01_car_sn5_logstsa_nest.wav,2.601205
sp01_car_sn5_logstsa_sap_q.wav,4.907662
sp01_car_sn5_weuclid.wav,2.403589
sp01_car_sn5_rdc.wav,2.483596
sp01_car_sn5_rdc_nest.wav,2.34142
sp01_car_sn5_mb.wav,2.515134
sp01_car_sn5_wavthre.wav,2.245913
sp01_car_sn5_scalart.wav,2.388325
sp01_car_sn5_tsoukalas.wav,2.90822
sp01_car_sn5_unprocessed.wav,1
sp02_car_sn5_klt.wav,3.161678
sp02_car_sn5_klt_jabloun.wav,3.647603
sp02_car_sn5_stsa.wav,3.582347
sp02_car_sn5_logstsa.wav,3.549137
sp02_car_sn5_logstsa_nest.wav,3.444466
sp02_car_sn5_logstsa_sap_q.wav,3.92978
sp02_car_sn5_weuclid.wav,3.448472
sp02_car_sn5_rdc.wav,2.836788
sp02_car_sn5_rdc_nest.wav,3.174005
sp02_car_sn5_mb.wav,3.402878
sp02_car_sn5_wavthre.wav,3.555585
sp02_car_sn5_scalart.wav,3.263451
sp02_car_sn5_tsoukalas.wav,3.58282
sp02_car_sn5_unprocessed.wav,2.100694
sp03_car_sn5_klt.wav,3.138312
sp03_car_sn5_klt_jabloun.wav,3.739116
sp03_car_sn5_stsa.wav,3.089366
sp03_car_sn5_logstsa.wav,3.042004
sp03_car_sn5_logstsa_nest.wav,2.800431
sp03_car_sn5_logstsa_sap_q.wav,5
sp03_car_sn5_weuclid.wav,3.065809
sp03_car_sn5_rdc.wav,3.188815
sp03_car_sn5_rdc_nest.wav,2.774219
sp03_car_sn5_mb.wav,3.385178
sp03_car_sn5_wavthre.wav,3.5107
sp03_car_sn5_scalart.wav,3.012855
sp03_car_sn5_tsoukalas.wav,3.578809
sp03_car_sn5_unprocessed.wav,1.802119
sp04_car_sn5_klt.wav,2.935415
sp04_car_sn5_klt_jabloun.wav,3.547826
sp04_car_sn5_stsa.wav,2.652657
sp04_car_sn5_logstsa.wav,3.056227
sp04_car_sn5_logstsa_nest.wav,3.157303
sp04_car_sn5_logstsa_sap_q.wav,3.566217
sp04_car_sn5_weuclid.wav,2.823721
sp04_car_sn5_rdc.wav,3.08785
sp04_car_sn5_rdc_nest.wav,2.935453
sp04_car_sn5_mb.wav,3.002855
sp04_car_sn5_wavthre.wav,3.296397
sp04_car_sn5_scalart.wav,3.019688
sp04_car_sn5_tsoukalas.wav,3.155215
sp04_car_sn5_unprocessed.wav,2.782451
sp06_car_sn5_klt.wav,3.060514
sp06_car_sn5_klt_jabloun.wav,3.074209
sp06_car_sn5_stsa.wav,2.820796
sp06_car_sn5_logstsa.wav,2.761338
sp06_car_sn5_logstsa_nest.wav,3.20507
sp06_car_sn5_logstsa_sap_q.wav,2.772719
sp06_car_sn5_weuclid.wav,2.854896
sp06_car_sn5_rdc.wav,2.702875
sp06_car_sn5_rdc_nest.wav,2.849294
sp06_car_sn5_mb.wav,2.961796
sp06_car_sn5_wavthre.wav,3.169331
sp06_car_sn5_scalart.wav,2.843822
sp06_car_sn5_tsoukalas.wav,3.508384
sp06_car_sn5_unprocessed.wav,2.525082
sp07_car_sn5_klt.wav,2.888777
sp07_car_sn5_klt_jabloun.wav,3.262687
sp07_car_sn5_stsa.wav,3.224713
sp07_car_sn5_logstsa.wav,3.099928
sp07_car_sn5_logstsa_nest.wav,2.870587
sp07_car_sn5_logstsa_sap_q.wav,4.591101
sp07_car_sn5_weuclid.wav,3.119845
sp07_car_sn5_rdc.wav,2.744484
sp07_car_sn5_rdc_nest.wav,2.605398
sp07_car_sn5_mb.wav,2.999066
sp07_car_sn5_wavthre.wav,2.668652
sp07_car_sn5_scalart.wav,2.597051
sp07_car_sn5_tsoukalas.wav,4.146425
sp07_car_sn5_unprocessed.wav,2.069876
sp08_car_sn5_klt.wav,3.034615
sp08_car_sn5_klt_jabloun.wav,2.880774
sp08_car_sn5_stsa.wav,2.665505
sp08_car_sn5_logstsa.wav,2.807693
sp08_car_sn5_logstsa_nest.wav,2.491284
sp08_car_sn5_logstsa_sap_q.wav,2.912235
sp08_car_sn5_weuclid.wav,2.769636
sp08_car_sn5_rdc.wav,2.687193
sp08_car_sn5_rdc_nest.wav,2.421633
sp08_car_sn5_mb.wav,2.699987
sp08_car_sn5_wavthre.wav,3.003637
sp08_car_sn5_scalart.wav,2.583671
sp08_car_sn5_tsoukalas.wav,3.289192
sp08_car_sn5_unprocessed.wav,2.257816
sp09_car_sn5_klt.wav,2.927823
sp09_car_sn5_klt_jabloun.wav,3.007868
sp09_car_sn5_stsa.wav,2.469949
sp09_car_sn5_logstsa.wav,2.736824
sp09_car_sn5_logstsa_nest.wav,2.504711
sp09_car_sn5_logstsa_sap_q.wav,3.804014
sp09_car_sn5_weuclid.wav,2.432157
sp09_car_sn5_rdc.wav,2.92896
sp09_car_sn5_rdc_nest.wav,2.333357
sp09_car_sn5_mb.wav,2.742733
sp09_car_sn5_wavthre.wav,2.421942
sp09_car_sn5_scalart.wav,2.953651
sp09_car_sn5_tsoukalas.wav,2.942552
sp09_car_sn5_unprocessed.wav,1.750061
sp11_car_sn5_klt.wav,2.510518
sp11_car_sn5_klt_jabloun.wav,2.615942
sp11_car_sn5_stsa.wav,2.533762
sp11_car_sn5_logstsa.wav,3.164872
sp11_car_sn5_logstsa_nest.wav,3.029659
sp11_car_sn5_logstsa_sap_q.wav,4.640281
sp11_car_sn5_weuclid.wav,2.716733
sp11_car_sn5_rdc.wav,2.24122
sp11_car_sn5_rdc_nest.wav,2.39567
sp11_car_sn5_mb.wav,3.077622
sp11_car_sn5_wavthre.wav,3.116232
sp11_car_sn5_scalart.wav,2.953571
sp11_car_sn5_tsoukalas.wav,3.481177
sp11_car_sn5_unprocessed.wav,1.779301
sp12_car_sn5_klt.wav,2.537036
sp12_car_sn5_klt_jabloun.wav,2.573972
sp12_car_sn5_stsa.wav,2.999409
sp12_car_sn5_logstsa.wav,2.798702
sp12_car_sn5_logstsa_nest.wav,3.11028
sp12_car_sn5_logstsa_sap_q.wav,3.619555
sp12_car_sn5_weuclid.wav,3.356712
sp12_car_sn5_rdc.wav,2.21557
sp12_car_sn5_rdc_nest.wav,2.210715
sp12_car_sn5_mb.wav,2.835919
sp12_car_sn5_wavthre.wav,2.806236
sp12_car_sn5_scalart.wav,2.989351
sp12_car_sn5_tsoukalas.wav,3.762885
sp12_car_sn5_unprocessed.wav,1.333161
sp13_car_sn5_klt.wav,2.842884
sp13_car_sn5_klt_jabloun.wav,3.366629
sp13_car_sn5_stsa.wav,3.080126
sp13_car_sn5_logstsa.wav,3.121949
sp13_car_sn5_logstsa_nest.wav,3.799975
sp13_car_sn5_logstsa_sap_q.wav,3.741321
sp13_car_sn5_weuclid.wav,3.004398
sp13_car_sn5_rdc.wav,2.416658
sp13_car_sn5_rdc_nest.wav,2.484463
sp13_car_sn5_mb.wav,3.595368
sp13_car_sn5_wavthre.wav,2.753825
sp13_car_sn5_scalart.wav,3.340029
sp13_car_sn5_tsoukalas.wav,3.698755
sp13_car_sn5_unprocessed.wav,2.362161
sp14_car_sn5_klt.wav,2.137053
sp14_car_sn5_klt_jabloun.wav,2.546517
sp14_car_sn5_stsa.wav,2.721418
sp14_car_sn5_logstsa.wav,2.518386
sp14_car_sn5_logstsa_nest.wav,2.33269
sp14_car_sn5_logstsa_sap_q.wav,3.737475
sp14_car_sn5_weuclid.wav,2.624483
sp14_car_sn5_rdc.wav,1.782903
sp14_car_sn5_rdc_nest.wav,2.154398
sp14_car_sn5_mb.wav,1.937271
sp14_car_sn5_wavthre.wav,2.771878
sp14_car_sn5_scalart.wav,2.475486
sp14_car_sn5_tsoukalas.wav,2.767754
sp14_car_sn5_unprocessed.wav,1.030237
sp16_car_sn5_klt.wav,2.754979
sp16_car_sn5_klt_jabloun.wav,2.551673
sp16_car_sn5_stsa.wav,3.082264
sp16_car_sn5_logstsa.wav,3.055803
sp16_car_sn5_logstsa_nest.wav,3.04915
sp16_car_sn5_logstsa_sap_q.wav,2.984885
sp16_car_sn5_weuclid.wav,3.090285
sp16_car_sn5_rdc.wav,1.465361
sp16_car_sn5_rdc_nest.wav,1.646407
sp16_car_sn5_mb.wav,2.749236
sp16_car_sn5_wavthre.wav,2.710129
sp16_car_sn5_scalart.wav,2.937346
sp16_car_sn5_tsoukalas.wav,2.884422
sp16_car_sn5_unprocessed.wav,2.021226
sp17_car_sn5_klt.wav,1.852949
sp17_car_sn5_klt_jabloun.wav,2.237497
sp17_car_sn5_stsa.wav,3.143932
sp17_car_sn5_logstsa.wav,3.453532
sp17_car_sn5_logstsa_nest.wav,3.114652
sp17_car_sn5_logstsa_sap_q.wav,3.439994
sp17_car_sn5_weuclid.wav,3.28
sp17_car_sn5_rdc.wav,1
sp17_car_sn5_rdc_nest.wav,1.498356
sp17_car_sn5_mb.wav,3.099411
sp17_car_sn5_wavthre.wav,2.511835
sp17_car_sn5_scalart.wav,2.180188
sp17_car_sn5_tsoukalas.wav,4.361415
sp17_car_sn5_unprocessed.wav,1.590244
sp18_car_sn5_klt.wav,2.219407
sp18_car_sn5_klt_jabloun.wav,2.601181
sp18_car_sn5_stsa.wav,3.621994
sp18_car_sn5_logstsa.wav,3.193026
sp18_car_sn5_logstsa_nest.wav,3.521663
sp18_car_sn5_logstsa_sap_q.wav,3.701462
sp18_car_sn5_weuclid.wav,3.194617
sp18_car_sn5_rdc.wav,2.426862
sp18_car_sn5_rdc_nest.wav,2.332344
sp18_car_sn5_mb.wav,3.052256
sp18_car_sn5_wavthre.wav,2.674609
sp18_car_sn5_scalart.wav,2.98418
sp18_car_sn5_tsoukalas.wav,3.554774
sp18_car_sn5_unprocessed.wav,2.720309
sp19_car_sn5_klt.wav,2.345698
sp19_car_sn5_klt_jabloun.wav,2.303069
sp19_car_sn5_stsa.wav,2.295769
sp19_car_sn5_logstsa.wav,2.571174
sp19_car_sn5_logstsa_nest.wav,2.907094
sp19_car_sn5_logstsa_sap_q.wav,2.402974
sp19_car_sn5_weuclid.wav,2.44678
sp19_car_sn5_rdc.wav,2.181696
sp19_car_sn5_rdc_nest.wav,2.007501
sp19_car_sn5_mb.wav,2.536784
sp19_car_sn5_wavthre.wav,2.307155
sp19_car_sn5_scalart.wav,2.672296
sp19_car_sn5_tsoukalas.wav,1.268991
sp19_car_sn5_unprocessed.wav,1.83127
sp01_street_sn5_klt.wav,1.618662
sp01_street_sn5_klt_jabloun.wav,3.070288
sp01_street_sn5_stsa.wav,1.970241
sp01_street_sn5_logstsa.wav,1.922182
sp01_street_sn5_logstsa_nest.wav,3.074966
sp01_street_sn5_logstsa_sap_q.wav,2.012608
sp01_street_sn5_weuclid.wav,2.167932
sp01_street_sn5_rdc.wav,2.227733
sp01_street_sn5_rdc_nest.wav,2.786238
sp01_street_sn5_mb.wav,2.336673
sp01_street_sn5_wavthre.wav,2.185557
sp01_street_sn5_scalart.wav,1.951916
sp01_street_sn5_tsoukalas.wav,1.596838
sp01_street_sn5_unprocessed.wav,1.876377
sp02_street_sn5_klt.wav,2.867403
sp02_street_sn5_klt_jabloun.wav,2.909514
sp02_street_sn5_stsa.wav,2.364992
sp02_street_sn5_logstsa.wav,2.56274
sp02_street_sn5_logstsa_nest.wav,2.451155
sp02_street_sn5_logstsa_sap_q.wav,3.101283
sp02_street_sn5_weuclid.wav,2.246284
sp02_street_sn5_rdc.wav,3.101085
sp02_street_sn5_rdc_nest.wav,2.954679
sp02_street_sn5_mb.wav,2.740163
sp02_street_sn5_wavthre.wav,3.723526
sp02_street_sn5_scalart.wav,2.743557
sp02_street_sn5_tsoukalas.wav,3.188753
sp02_street_sn5_unprocessed.wav,3.399581
sp03_street_sn5_klt.wav,3.101585
sp03_street_sn5_klt_jabloun.wav,3.210228
sp03_street_sn5_stsa.wav,2.721635
sp03_street_sn5_logstsa.wav,2.552009
sp03_street_sn5_logstsa_nest.wav,2.206048
sp03_street_sn5_logstsa_sap_q.wav,3.736506
sp03_street_sn5_weuclid.wav,3.158101
sp03_street_sn5_rdc.wav,3.108918
sp03_street_sn5_rdc_nest.wav,2.928014
sp03_street_sn5_mb.wav,3.391691
sp03_street_sn5_wavthre.wav,3.324474
sp03_street_sn5_scalart.wav,2.802444
sp03_street_sn5_tsoukalas.wav,3.828774
sp03_street_sn5_unprocessed.wav,1.0983
sp04_street_sn5_klt.wav,3.258352
sp04_street_sn5_klt_jabloun.wav,3.55004
sp04_street_sn5_stsa.wav,2.816744
sp04_street_sn5_logstsa.wav,2.8173
sp04_street_sn5_logstsa_nest.wav,2.585422
sp04_street_sn5_logstsa_sap_q.wav,3.071267
sp04_street_sn5_weuclid.wav,2.768869
sp04_street_sn5_rdc.wav,3.763983
sp04_street_sn5_rdc_nest.wav,2.73956
sp04_street_sn5_mb.wav,3.047302
sp04_street_sn5_wavthre.wav,3.736348
sp04_street_sn5_scalart.wav,2.860577
sp04_street_sn5_tsoukalas.wav,4.005729
sp04_street_sn5_unprocessed.wav,3.788536
sp06_street_sn5_klt.wav,2.783093
sp06_street_sn5_klt_jabloun.wav,2.763516
sp06_street_sn5_stsa.wav,2.330559
sp06_street_sn5_logstsa.wav,2.972328
sp06_street_sn5_logstsa_nest.wav,2.724734
sp06_street_sn5_logstsa_sap_q.wav,2.887695
sp06_street_sn5_weuclid.wav,2.769425
sp06_street_sn5_rdc.wav,3.23697
sp06_street_sn5_rdc_nest.wav,2.538104
sp06_street_sn5_mb.wav,3.058189
sp06_street_sn5_wavthre.wav,2.888052
sp06_street_sn5_scalart.wav,4.101979
sp06_street_sn5_tsoukalas.wav,2.286642
sp06_street_sn5_unprocessed.wav,1.346906
sp07_street_sn5_klt.wav,2.567489
sp07_street_sn5_klt_jabloun.wav,2.358817
sp07_street_sn5_stsa.wav,2.415944
sp07_street_sn5_logstsa.wav,2.128712
sp07_street_sn5_logstsa_nest.wav,2.889862
sp07_street_sn5_logstsa_sap_q.wav,2.553067
sp07_street_sn5_weuclid.wav,2.403677
sp07_street_sn5_rdc.wav,1.964718
sp07_street_sn5_rdc_nest.wav,2.506911
sp07_street_sn5_mb.wav,2.469136
sp07_street_sn5_wavthre.wav,2.672516
sp07_street_sn5_scalart.wav,2.352038
sp07_street_sn5_tsoukalas.wav,2.541971
sp07_street_sn5_unprocessed.wav,1.966468
sp08_street_sn5_klt.wav,2.598603
sp08_street_sn5_klt_jabloun.wav,2.467511
sp08_street_sn5_stsa.wav,2.392618
sp08_street_sn5_logstsa.wav,2.234125
sp08_street_sn5_logstsa_nest.wav,2.099358
sp08_street_sn5_logstsa_sap_q.wav,2.600592
sp08_street_sn5_weuclid.wav,2.379888
sp08_street_sn5_rdc.wav,2.291321
sp08_street_sn5_rdc_nest.wav,2.24409
sp08_street_sn5_mb.wav,2.358846
sp08_street_sn5_wavthre.wav,2.645627
sp08_street_sn5_scalart.wav,2.352662
sp08_street_sn5_tsoukalas.wav,3.26162
sp08_street_sn5_unprocessed.wav,2.180229
sp09_street_sn5_klt.wav,2.649772
sp09_street_sn5_klt_jabloun.wav,2.885532
sp09_street_sn5_stsa.wav,3.086306
sp09_street_sn5_logstsa.wav,2.315645
sp09_street_sn5_logstsa_nest.wav,2.667087
sp09_street_sn5_logstsa_sap_q.wav,2.384311
sp09_street_sn5_weuclid.wav,2.982973
sp09_street_sn5_rdc.wav,2.576559
sp09_street_sn5_rdc_nest.wav,2.398678
sp09_street_sn5_mb.wav,3.032324
sp09_street_sn5_wavthre.wav,2.51305
sp09_street_sn5_scalart.wav,2.47848
sp09_street_sn5_tsoukalas.wav,1.487845
sp09_street_sn5_unprocessed.wav,2.454613
sp11_street_sn5_klt.wav,2.393609
sp11_street_sn5_klt_jabloun.wav,2.850985
sp11_street_sn5_stsa.wav,2.737425
sp11_street_sn5_logstsa.wav,2.666197
sp11_street_sn5_logstsa_nest.wav,3.368518
sp11_street_sn5_logstsa_sap_q.wav,4.831307
sp11_street_sn5_weuclid.wav,2.983906
sp11_street_sn5_rdc.wav,2.982395
sp11_street_sn5_rdc_nest.wav,2.631988
sp11_street_sn5_mb.wav,3.155793
sp11_street_sn5_wavthre.wav,3.080485
sp11_street_sn5_scalart.wav,3.271684
sp11_street_sn5_tsoukalas.wav,3.062837
sp11_street_sn5_unprocessed.wav,3.526911
sp12_street_sn5_klt.wav,2.688138
sp12_street_sn5_klt_jabloun.wav,2.877569
sp12_street_sn5_stsa.wav,3.31458
sp12_street_sn5_logstsa.wav,3.273074
sp12_street_sn5_logstsa_nest.wav,3.086494
sp12_street_sn5_logstsa_sap_q.wav,3.330707
sp12_street_sn5_weuclid.wav,3.218776
sp12_street_sn5_rdc.wav,2.605453
sp12_street_sn5_rdc_nest.wav,2.22258
sp12_street_sn5_mb.wav,2.756375
sp12_street_sn5_wavthre.wav,2.583019
sp12_street_sn5_scalart.wav,3.06442
sp12_street_sn5_tsoukalas.wav,3.483648
sp12_street_sn5_unprocessed.wav,1.849448
sp13_street_sn5_klt.wav,3.84328
sp13_street_sn5_klt_jabloun.wav,3.904059
sp13_street_sn5_stsa.wav,2.968328
sp13_street_sn5_logstsa.wav,2.956857
sp13_street_sn5_logstsa_nest.wav,3.624354
sp13_street_sn5_logstsa_sap_q.wav,4.024449
sp13_street_sn5_weuclid.wav,2.89382
sp13_street_sn5_rdc.wav,2.461842
sp13_street_sn5_rdc_nest.wav,2.370471
sp13_street_sn5_mb.wav,3.095562
sp13_street_sn5_wavthre.wav,3.951848
sp13_street_sn5_scalart.wav,3.24698
sp13_street_sn5_tsoukalas.wav,3.779986
sp13_street_sn5_unprocessed.wav,2.610284
sp14_street_sn5_klt.wav,2.419009
sp14_street_sn5_klt_jabloun.wav,2.446576
sp14_street_sn5_stsa.wav,2.374187
sp14_street_sn5_logstsa.wav,2.403774
sp14_street_sn5_logstsa_nest.wav,2.591571
sp14_street_sn5_logstsa_sap_q.wav,4.44684
sp14_street_sn5_weuclid.wav,2.457108
sp14_street_sn5_rdc.wav,1.753082
sp14_street_sn5_rdc_nest.wav,1.207987
sp14_street_sn5_mb.wav,2.327967
sp14_street_sn5_wavthre.wav,3.08265
sp14_street_sn5_scalart.wav,2.53812
sp14_street_sn5_tsoukalas.wav,2.149603
sp14_street_sn5_unprocessed.wav,1.483607
sp16_street_sn5_klt.wav,2.458389
sp16_street_sn5_klt_jabloun.wav,3.087054
sp16_street_sn5_stsa.wav,3.297249
sp16_street_sn5_logstsa.wav,3.2524
sp16_street_sn5_logstsa_nest.wav,3.252972
sp16_street_sn5_logstsa_sap_q.wav,2.899779
sp16_street_sn5_weuclid.wav,3.266987
sp16_street_sn5_rdc.wav,2.538753
sp16_street_sn5_rdc_nest.wav,2.291241
sp16_street_sn5_mb.wav,2.760199
sp16_street_sn5_wavthre.wav,2.964335
sp16_street_sn5_scalart.wav,2.644158
sp16_street_sn5_tsoukalas.wav,3.233264
sp16_street_sn5_unprocessed.wav,1.924327
sp17_street_sn5_klt.wav,2.99288
sp17_street_sn5_klt_jabloun.wav,2.522427
sp17_street_sn5_stsa.wav,2.896565
sp17_street_sn5_logstsa.wav,3.511941
sp17_street_sn5_logstsa_nest.wav,3.686225
sp17_street_sn5_logstsa_sap_q.wav,4.91277
sp17_street_sn5_weuclid.wav,2.791105
sp17_street_sn5_rdc.wav,1.653181
sp17_street_sn5_rdc_nest.wav,2.115546
sp17_street_sn5_mb.wav,3.441636
sp17_street_sn5_wavthre.wav,2.965839
sp17_street_sn5_scalart.wav,3.865759
sp17_street_sn5_tsoukalas.wav,3.857714
sp17_street_sn5_unprocessed.wav,1.879695
sp18_street_sn5_klt.wav,2.731689
sp18_street_sn5_klt_jabloun.wav,2.61364
sp18_street_sn5_stsa.wav,2.957084
sp18_street_sn5_logstsa.wav,2.651203
sp18_street_sn5_logstsa_nest.wav,3.797158
sp18_street_sn5_logstsa_sap_q.wav,2.666689
sp18_street_sn5_weuclid.wav,3.018765
sp18_street_sn5_rdc.wav,1.890542
sp18_street_sn5_rdc_nest.wav,1.597037
sp18_street_sn5_mb.wav,3.24609
sp18_street_sn5_wavthre.wav,2.154347
sp18_street_sn5_scalart.wav,2.259954
sp18_street_sn5_tsoukalas.wav,2.359775
sp18_street_sn5_unprocessed.wav,1.879433
sp19_street_sn5_klt.wav,2.1003
sp19_street_sn5_klt_jabloun.wav,2.484455
sp19_street_sn5_stsa.wav,2.428301
sp19_street_sn5_logstsa.wav,2.311006
sp19_street_sn5_logstsa_nest.wav,2.509744
sp19_street_sn5_logstsa_sap_q.wav,4.93329
sp19_street_sn5_weuclid.wav,2.34428
sp19_street_sn5_rdc.wav,2.413848
sp19_street_sn5_rdc_nest.wav,2.205174
sp19_street_sn5_mb.wav,2.356684
sp19_street_sn5_wavthre.wav,3.601362
sp19_street_sn5_scalart.wav,2.668238
sp19_street_sn5_tsoukalas.wav,2.155705
sp19_street_sn5_unprocessed.wav,2.401119
sp01_train_sn5_klt.wav,2.857795
sp01_train_sn5_klt_jabloun.wav,2.969378
sp01_train_sn5_stsa.wav,3.004433
sp01_train_sn5_logstsa.wav,2.996901
sp01_train_sn5_logstsa_nest.wav,2.822626
sp01_train_sn5_logstsa_sap_q.wav,3.00958
sp01_train_sn5_weuclid.wav,2.350165
sp01_train_sn5_rdc.wav,2.599688
sp01_train_sn5_rdc_nest.wav,2.601092
sp01_train_sn5_mb.wav,2.759901
sp01_train_sn5_wavthre.wav,3.029003
sp01_train_sn5_scalart.wav,2.927943
sp01_train_sn5_tsoukalas.wav,3.389769
sp01_train_sn5_unprocessed.wav,1
sp02_train_sn5_klt.wav,3.650374
sp02_train_sn5_klt_jabloun.wav,3.498741
sp02_train_sn5_stsa.wav,3.176855
sp02_train_sn5_logstsa.wav,3.357642
sp02_train_sn5_logstsa_nest.wav,2.881513
sp02_train_sn5_logstsa_sap_q.wav,3.393637
sp02_train_sn5_weuclid.wav,3.27391
sp02_train_sn5_rdc.wav,2.727084
sp02_train_sn5_rdc_nest.wav,3.28815
sp02_train_sn5_mb.wav,3.178294
sp02_train_sn5_wavthre.wav,3.603823
sp02_train_sn5_scalart.wav,3.715074
sp02_train_sn5_tsoukalas.wav,3.621912
sp02_train_sn5_unprocessed.wav,3.02165
sp03_train_sn5_klt.wav,3.784486
sp03_train_sn5_klt_jabloun.wav,3.985566
sp03_train_sn5_stsa.wav,3.800696
sp03_train_sn5_logstsa.wav,3.379746
sp03_train_sn5_logstsa_nest.wav,3.68031
sp03_train_sn5_logstsa_sap_q.wav,5
sp03_train_sn5_weuclid.wav,3.75428
sp03_train_sn5_rdc.wav,3.574172
sp03_train_sn5_rdc_nest.wav,3.360624
sp03_train_sn5_mb.wav,3.439968
sp03_train_sn5_wavthre.wav,4.217431
sp03_train_sn5_scalart.wav,3.014272
sp03_train_sn5_tsoukalas.wav,4.562126
sp03_train_sn5_unprocessed.wav,1.389677
sp04_train_sn5_klt.wav,3.078731
sp04_train_sn5_klt_jabloun.wav,3.108527
sp04_train_sn5_stsa.wav,3.124795
sp04_train_sn5_logstsa.wav,3.331284
sp04_train_sn5_logstsa_nest.wav,3.129142
sp04_train_sn5_logstsa_sap_q.wav,3.885969
sp04_train_sn5_weuclid.wav,3.065914
sp04_train_sn5_rdc.wav,3.444297
sp04_train_sn5_rdc_nest.wav,3.223045
sp04_train_sn5_mb.wav,3.405635
sp04_train_sn5_wavthre.wav,3.621791
sp04_train_sn5_scalart.wav,3.066384
sp04_train_sn5_tsoukalas.wav,3.834947
sp04_train_sn5_unprocessed.wav,2.370056
sp06_train_sn5_klt.wav,3.555278
sp06_train_sn5_klt_jabloun.wav,3.683475
sp06_train_sn5_stsa.wav,2.974546
sp06_train_sn5_logstsa.wav,3.297229
sp06_train_sn5_logstsa_nest.wav,3.159173
sp06_train_sn5_logstsa_sap_q.wav,3.268032
sp06_train_sn5_weuclid.wav,2.845884
sp06_train_sn5_rdc.wav,3.357838
sp06_train_sn5_rdc_nest.wav,3.141437
sp06_train_sn5_mb.wav,3.162202
sp06_train_sn5_wavthre.wav,3.770039
sp06_train_sn5_scalart.wav,2.993398
sp06_train_sn5_tsoukalas.wav,3.68727
sp06_train_sn5_unprocessed.wav,2.40102
sp07_train_sn5_klt.wav,2.138687
sp07_train_sn5_klt_jabloun.wav,2.604796
sp07_train_sn5_stsa.wav,3.487695
sp07_train_sn5_logstsa.wav,3.352044
sp07_train_sn5_logstsa_nest.wav,3.508257
sp07_train_sn5_logstsa_sap_q.wav,5
sp07_train_sn5_weuclid.wav,3.147584
sp07_train_sn5_rdc.wav,2.820812
sp07_train_sn5_rdc_nest.wav,2.725155
sp07_train_sn5_mb.wav,3.371389
sp07_train_sn5_wavthre.wav,3.83221
sp07_train_sn5_scalart.wav,2.78908
sp07_train_sn5_tsoukalas.wav,5
sp07_train_sn5_unprocessed.wav,2.360664
sp08_train_sn5_klt.wav,2.457151
sp08_train_sn5_klt_jabloun.wav,3.021927
sp08_train_sn5_stsa.wav,2.509808
sp08_train_sn5_logstsa.wav,2.698542
sp08_train_sn5_logstsa_nest.wav,2.494015
sp08_train_sn5_logstsa_sap_q.wav,2.822127
sp08_train_sn5_weuclid.wav,2.248466
sp08_train_sn5_rdc.wav,2.953986
sp08_train_sn5_rdc_nest.wav,2.72937
sp08_train_sn5_mb.wav,2.496699
sp08_train_sn5_wavthre.wav,3.381513
sp08_train_sn5_scalart.wav,2.808751
sp08_train_sn5_tsoukalas.wav,3.163142
sp08_train_sn5_unprocessed.wav,2.448593
sp09_train_sn5_klt.wav,2.456004
sp09_train_sn5_klt_jabloun.wav,2.668369
sp09_train_sn5_stsa.wav,2.511244
sp09_train_sn5_logstsa.wav,2.797779
sp09_train_sn5_logstsa_nest.wav,2.550911
sp09_train_sn5_logstsa_sap_q.wav,2.536433
sp09_train_sn5_weuclid.wav,2.41168
sp09_train_sn5_rdc.wav,2.91574
sp09_train_sn5_rdc_nest.wav,2.736625
sp09_train_sn5_mb.wav,3.285589
sp09_train_sn5_wavthre.wav,2.922864
sp09_train_sn5_scalart.wav,2.64888
sp09_train_sn5_tsoukalas.wav,4.161511
sp09_train_sn5_unprocessed.wav,2.053053
sp11_train_sn5_klt.wav,2.854378
sp11_train_sn5_klt_jabloun.wav,2.788698
sp11_train_sn5_stsa.wav,2.836664
sp11_train_sn5_logstsa.wav,3.741732
sp11_train_sn5_logstsa_nest.wav,3.743828
sp11_train_sn5_logstsa_sap_q.wav,4.709141
sp11_train_sn5_weuclid.wav,2.958846
sp11_train_sn5_rdc.wav,2.673448
sp11_train_sn5_rdc_nest.wav,2.315414
sp11_train_sn5_mb.wav,3.386485
sp11_train_sn5_wavthre.wav,2.958477
sp11_train_sn5_scalart.wav,3.45209
sp11_train_sn5_tsoukalas.wav,3.824358
sp11_train_sn5_unprocessed.wav,1.705181
sp12_train_sn5_klt.wav,2.687051
sp12_train_sn5_klt_jabloun.wav,2.801776
sp12_train_sn5_stsa.wav,3.474144
sp12_train_sn5_logstsa.wav,3.470334
sp12_train_sn5_logstsa_nest.wav,3.331415
sp12_train_sn5_logstsa_sap_q.wav,3.276156
sp12_train_sn5_weuclid.wav,3.620755
sp12_train_sn5_rdc.wav,2.812807
sp12_train_sn5_rdc_nest.wav,2.256205
sp12_train_sn5_mb.wav,3.109623
sp12_train_sn5_wavthre.wav,3.159777
sp12_train_sn5_scalart.wav,3.182407
sp12_train_sn5_tsoukalas.wav,4.040606
sp12_train_sn5_unprocessed.wav,2.067978
sp13_train_sn5_klt.wav,2.570475
sp13_train_sn5_klt_jabloun.wav,3.396898
sp13_train_sn5_stsa.wav,3.88352
sp13_train_sn5_logstsa.wav,3.513606
sp13_train_sn5_logstsa_nest.wav,3.873297
sp13_train_sn5_logstsa_sap_q.wav,4.041262
sp13_train_sn5_weuclid.wav,3.518217
sp13_train_sn5_rdc.wav,3.374446
sp13_train_sn5_rdc_nest.wav,2.271265
sp13_train_sn5_mb.wav,3.47245
sp13_train_sn5_wavthre.wav,2.758294
sp13_train_sn5_scalart.wav,3.806304
sp13_train_sn5_tsoukalas.wav,3.313791
sp13_train_sn5_unprocessed.wav,2.787626
sp14_train_sn5_klt.wav,2.441976
sp14_train_sn5_klt_jabloun.wav,2.186894
sp14_train_sn5_stsa.wav,2.771949
sp14_train_sn5_logstsa.wav,2.745919
sp14_train_sn5_logstsa_nest.wav,3.000729
sp14_train_sn5_logstsa_sap_q.wav,4.088099
sp14_train_sn5_weuclid.wav,2.588318
sp14_train_sn5_rdc.wav,2.530204
sp14_train_sn5_rdc_nest.wav,2.570271
sp14_train_sn5_mb.wav,2.676465
sp14_train_sn5_wavthre.wav,2.365418
sp14_train_sn5_scalart.wav,2.829949
sp14_train_sn5_tsoukalas.wav,3.3819
sp14_train_sn5_unprocessed.wav,1.043309
sp16_train_sn5_klt.wav,3.173272
sp16_train_sn5_klt_jabloun.wav,3.116412
sp16_train_sn5_stsa.wav,3.424721
sp16_train_sn5_logstsa.wav,3.427927
sp16_train_sn5_logstsa_nest.wav,3.548235
sp16_train_sn5_logstsa_sap_q.wav,3.091911
sp16_train_sn5_weuclid.wav,3.252843
sp16_train_sn5_rdc.wav,2.696423
sp16_train_sn5_rdc_nest.wav,2.78564
sp16_train_sn5_mb.wav,3.069839
sp16_train_sn5_wavthre.wav,3.60069
sp16_train_sn5_scalart.wav,3.676665
sp16_train_sn5_tsoukalas.wav,3.070949
sp16_train_sn5_unprocessed.wav,2.79766
sp17_train_sn5_klt.wav,2.842368
sp17_train_sn5_klt_jabloun.wav,2.953574
sp17_train_sn5_stsa.wav,2.733724
sp17_train_sn5_logstsa.wav,3.474058
sp17_train_sn5_logstsa_nest.wav,3.53369
sp17_train_sn5_logstsa_sap_q.wav,3.313383
sp17_train_sn5_weuclid.wav,2.884827
sp17_train_sn5_rdc.wav,2.500145
sp17_train_sn5_rdc_nest.wav,2.232605
sp17_train_sn5_mb.wav,2.86114
sp17_train_sn5_wavthre.wav,2.950438
sp17_train_sn5_scalart.wav,3.420338
sp17_train_sn5_tsoukalas.wav,3.149858
sp17_train_sn5_unprocessed.wav,2.034174
sp18_train_sn5_klt.wav,2.414758
sp18_train_sn5_klt_jabloun.wav,2.379815
sp18_train_sn5_stsa.wav,2.863087
sp18_train_sn5_logstsa.wav,3.538562
sp18_train_sn5_logstsa_nest.wav,3.926965
sp18_train_sn5_logstsa_sap_q.wav,4.083235
sp18_train_sn5_weuclid.wav,2.846677
sp18_train_sn5_rdc.wav,2.695721
sp18_train_sn5_rdc_nest.wav,2.552752
sp18_train_sn5_mb.wav,3.030753
sp18_train_sn5_wavthre.wav,3.003939
sp18_train_sn5_scalart.wav,3.435815
sp18_train_sn5_tsoukalas.wav,2.886515
sp18_train_sn5_unprocessed.wav,1.814802
sp19_train_sn5_klt.wav,2.088758
sp19_train_sn5_klt_jabloun.wav,2.540613
sp19_train_sn5_stsa.wav,2.17827
sp19_train_sn5_logstsa.wav,2.448603
sp19_train_sn5_logstsa_nest.wav,2.691692
sp19_train_sn5_logstsa_sap_q.wav,2.454109
sp19_train_sn5_weuclid.wav,2.292265
sp19_train_sn5_rdc.wav,1.991568
sp19_train_sn5_rdc_nest.wav,2.134471
sp19_train_sn5_mb.wav,2.607886
sp19_train_sn5_wavthre.wav,2.203628
sp19_train_sn5_scalart.wav,2.881517
sp19_train_sn5_tsoukalas.wav,3.86342
sp19_train_sn5_unprocessed.wav,1
sp01_babble_sn10_klt.wav,2.43709
sp01_babble_sn10_klt_jabloun.wav,2.403686
sp01_babble_sn10_stsa.wav,2.773909
sp01_babble_sn10_logstsa.wav,2.679208
sp01_babble_sn10_logstsa_nest.wav,2.625397
sp01_babble_sn10_logstsa_sap_q.wav,3.422361
sp01_babble_sn10_weuclid.wav,2.809418
sp01_babble_sn10_rdc.wav,2.357258
sp01_babble_sn10_rdc_nest.wav,2.674907
sp01_babble_sn10_mb.wav,2.369852
sp01_babble_sn10_wavthre.wav,2.742619
sp01_babble_sn10_scalart.wav,2.541674
sp01_babble_sn10_tsoukalas.wav,3.898764
sp01_babble_sn10_unprocessed.wav,2.274081
sp02_babble_sn10_klt.wav,3.451694
sp02_babble_sn10_klt_jabloun.wav,3.822798
sp02_babble_sn10_stsa.wav,3.194787
sp02_babble_sn10_logstsa.wav,3.444572
sp02_babble_sn10_logstsa_nest.wav,3.265778
sp02_babble_sn10_logstsa_sap_q.wav,3.663259
sp02_babble_sn10_weuclid.wav,3.461572
sp02_babble_sn10_rdc.wav,3.294884
sp02_babble_sn10_rdc_nest.wav,3.677892
sp02_babble_sn10_mb.wav,3.838583
sp02_babble_sn10_wavthre.wav,3.791699
sp02_babble_sn10_scalart.wav,3.348961
sp02_babble_sn10_tsoukalas.wav,4.894149
sp02_babble_sn10_unprocessed.wav,3.975404
sp03_babble_sn10_klt.wav,4.236159
sp03_babble_sn10_klt_jabloun.wav,3.436453
sp03_babble_sn10_stsa.wav,3.40912
sp03_babble_sn10_logstsa.wav,3.321467
sp03_babble_sn10_logstsa_nest.wav,3.291912
sp03_babble_sn10_logstsa_sap_q.wav,4.247756
sp03_babble_sn10_weuclid.wav,3.492491
sp03_babble_sn10_rdc.wav,3.454525
sp03_babble_sn10_rdc_nest.wav,3.297044
sp03_babble_sn10_mb.wav,3.387084
sp03_babble_sn10_wavthre.wav,3.985714
sp03_babble_sn10_scalart.wav,3.85718
sp03_babble_sn10_tsoukalas.wav,4.783431
sp03_babble_sn10_unprocessed.wav,3.02745
sp04_babble_sn10_klt.wav,3.442055
sp04_babble_sn10_klt_jabloun.wav,3.447856
sp04_babble_sn10_stsa.wav,3.061199
sp04_babble_sn10_logstsa.wav,2.878829
sp04_babble_sn10_logstsa_nest.wav,3.064202
sp04_babble_sn10_logstsa_sap_q.wav,2.880127
sp04_babble_sn10_weuclid.wav,3.094603
sp04_babble_sn10_rdc.wav,3.138526
sp04_babble_sn10_rdc_nest.wav,3.387337
sp04_babble_sn10_mb.wav,3.166123
sp04_babble_sn10_wavthre.wav,3.549986
sp04_babble_sn10_scalart.wav,3.322836
sp04_babble_sn10_tsoukalas.wav,3.872119
sp04_babble_sn10_unprocessed.wav,3.579958
sp06_babble_sn10_klt.wav,3.126007
sp06_babble_sn10_klt_jabloun.wav,3.14006
sp06_babble_sn10_stsa.wav,3.107559
sp06_babble_sn10_logstsa.wav,2.984652
sp06_babble_sn10_logstsa_nest.wav,2.965279
sp06_babble_sn10_logstsa_sap_q.wav,3.375133
sp06_babble_sn10_weuclid.wav,3.153812
sp06_babble_sn10_rdc.wav,2.970614
sp06_babble_sn10_rdc_nest.wav,2.906461
sp06_babble_sn10_mb.wav,3.088817
sp06_babble_sn10_wavthre.wav,3.499491
sp06_babble_sn10_scalart.wav,3.122652
sp06_babble_sn10_tsoukalas.wav,3.519714
sp06_babble_sn10_unprocessed.wav,3.198693
sp07_babble_sn10_klt.wav,3.488976
sp07_babble_sn10_klt_jabloun.wav,3.570249
sp07_babble_sn10_stsa.wav,4.059449
sp07_babble_sn10_logstsa.wav,3.727657
sp07_babble_sn10_logstsa_nest.wav,3.288302
sp07_babble_sn10_logstsa_sap_q.wav,3.969144
sp07_babble_sn10_weuclid.wav,4.000666
sp07_babble_sn10_rdc.wav,3.256368
sp07_babble_sn10_rdc_nest.wav,3.349744
sp07_babble_sn10_mb.wav,3.556566
sp07_babble_sn10_wavthre.wav,3.667633
sp07_babble_sn10_scalart.wav,3.553567
sp07_babble_sn10_tsoukalas.wav,3.933124
sp07_babble_sn10_unprocessed.wav,3.068299
sp08_babble_sn10_klt.wav,2.730068
sp08_babble_sn10_klt_jabloun.wav,3.216446
sp08_babble_sn10_stsa.wav,2.697239
sp08_babble_sn10_logstsa.wav,2.859467
sp08_babble_sn10_logstsa_nest.wav,2.702125
sp08_babble_sn10_logstsa_sap_q.wav,2.652776
sp08_babble_sn10_weuclid.wav,2.643652
sp08_babble_sn10_rdc.wav,3.246997
sp08_babble_sn10_rdc_nest.wav,2.662285
sp08_babble_sn10_mb.wav,2.651698
sp08_babble_sn10_wavthre.wav,2.742076
sp08_babble_sn10_scalart.wav,3.742549
sp08_babble_sn10_tsoukalas.wav,3.633375
sp08_babble_sn10_unprocessed.wav,3.487422
sp09_babble_sn10_klt.wav,2.965419
sp09_babble_sn10_klt_jabloun.wav,2.954052
sp09_babble_sn10_stsa.wav,2.616695
sp09_babble_sn10_logstsa.wav,2.861416
sp09_babble_sn10_logstsa_nest.wav,2.825265
sp09_babble_sn10_logstsa_sap_q.wav,3.012492
sp09_babble_sn10_weuclid.wav,2.680526
sp09_babble_sn10_rdc.wav,2.775179
sp09_babble_sn10_rdc_nest.wav,2.803268
sp09_babble_sn10_mb.wav,2.927978
sp09_babble_sn10_wavthre.wav,3.051082
sp09_babble_sn10_scalart.wav,2.771704
sp09_babble_sn10_tsoukalas.wav,3.686843
sp09_babble_sn10_unprocessed.wav,4.168933
sp11_babble_sn10_klt.wav,1.978249
sp11_babble_sn10_klt_jabloun.wav,2.766448
sp11_babble_sn10_stsa.wav,2.749933
sp11_babble_sn10_logstsa.wav,2.784119
sp11_babble_sn10_logstsa_nest.wav,3.166304
sp11_babble_sn10_logstsa_sap_q.wav,2.525988
sp11_babble_sn10_weuclid.wav,3.019644
sp11_babble_sn10_rdc.wav,3.092195
sp11_babble_sn10_rdc_nest.wav,2.73278
sp11_babble_sn10_mb.wav,3.776516
sp11_babble_sn10_wavthre.wav,2.711466
sp11_babble_sn10_scalart.wav,3.854879
sp11_babble_sn10_tsoukalas.wav,3.167785
sp11_babble_sn10_unprocessed.wav,3.323402
sp12_babble_sn10_klt.wav,3.211028
sp12_babble_sn10_klt_jabloun.wav,3.026759
sp12_babble_sn10_stsa.wav,3.452593
sp12_babble_sn10_logstsa.wav,3.284742
sp12_babble_sn10_logstsa_nest.wav,3.332081
sp12_babble_sn10_logstsa_sap_q.wav,3.916845
sp12_babble_sn10_weuclid.wav,3.231472
sp12_babble_sn10_rdc.wav,2.36
sp12_babble_sn10_rdc_nest.wav,2.395377
sp12_babble_sn10_mb.wav,3.193694
sp12_babble_sn10_wavthre.wav,3.265602
sp12_babble_sn10_scalart.wav,3.433627
sp12_babble_sn10_tsoukalas.wav,3.307418
sp12_babble_sn10_unprocessed.wav,2.746579
sp13_babble_sn10_klt.wav,3.237387
sp13_babble_sn10_klt_jabloun.wav,3.360158
sp13_babble_sn10_stsa.wav,3.979135
sp13_babble_sn10_logstsa.wav,3.591571
sp13_babble_sn10_logstsa_nest.wav,3.876986
sp13_babble_sn10_logstsa_sap_q.wav,4.50283
sp13_babble_sn10_weuclid.wav,3.602652
sp13_babble_sn10_rdc.wav,3.095919
sp13_babble_sn10_rdc_nest.wav,3.088512
sp13_babble_sn10_mb.wav,3.420054
sp13_babble_sn10_wavthre.wav,3.14909
sp13_babble_sn10_scalart.wav,3.34276
sp13_babble_sn10_tsoukalas.wav,3.83763
sp13_babble_sn10_unprocessed.wav,3.390268
sp14_babble_sn10_klt.wav,2.566494
sp14_babble_sn10_klt_jabloun.wav,2.751689
sp14_babble_sn10_stsa.wav,2.811139
sp14_babble_sn10_logstsa.wav,2.657328
sp14_babble_sn10_logstsa_nest.wav,3.293955
sp14_babble_sn10_logstsa_sap_q.wav,3.88134
sp14_babble_sn10_weuclid.wav,2.709129
sp14_babble_sn10_rdc.wav,2.516596
sp14_babble_sn10_rdc_nest.wav,2.71639
sp14_babble_sn10_mb.wav,2.728148
sp14_babble_sn10_wavthre.wav,2.889889
sp14_babble_sn10_scalart.wav,3.172753
sp14_babble_sn10_tsoukalas.wav,3.360031
sp14_babble_sn10_unprocessed.wav,1.927223
sp16_babble_sn10_klt.wav,2.498025
sp16_babble_sn10_klt_jabloun.wav,2.701015
sp16_babble_sn10_stsa.wav,3.306861
sp16_babble_sn10_logstsa.wav,3.316675
sp16_babble_sn10_logstsa_nest.wav,3.13873
sp16_babble_sn10_logstsa_sap_q.wav,3.285117
sp16_babble_sn10_weuclid.wav,3.056232
sp16_babble_sn10_rdc.wav,2.63581
sp16_babble_sn10_rdc_nest.wav,2.366131
sp16_babble_sn10_mb.wav,2.864372
sp16_babble_sn10_wavthre.wav,2.930521
sp16_babble_sn10_scalart.wav,3.263869
sp16_babble_sn10_tsoukalas.wav,3.966355
sp16_babble_sn10_unprocessed.wav,2.536826
sp17_babble_sn10_klt.wav,2.499896
sp17_babble_sn10_klt_jabloun.wav,2.520112
sp17_babble_sn10_stsa.wav,3.203722
sp17_babble_sn10_logstsa.wav,3.435326
sp17_babble_sn10_logstsa_nest.wav,3.48365
sp17_babble_sn10_logstsa_sap_q.wav,3.022014
sp17_babble_sn10_weuclid.wav,3.239209
sp17_babble_sn10_rdc.wav,2.35447
sp17_babble_sn10_rdc_nest.wav,2.83611
sp17_babble_sn10_mb.wav,2.662955
sp17_babble_sn10_wavthre.wav,2.540886
sp17_babble_sn10_scalart.wav,3.668958
sp17_babble_sn10_tsoukalas.wav,2.97023
sp17_babble_sn10_unprocessed.wav,3.24185
sp18_babble_sn10_klt.wav,3.12598
sp18_babble_sn10_klt_jabloun.wav,3.19502
sp18_babble_sn10_stsa.wav,3.258373
sp18_babble_sn10_logstsa.wav,3.288355
sp18_babble_sn10_logstsa_nest.wav,3.731452
sp18_babble_sn10_logstsa_sap_q.wav,3.135305
sp18_babble_sn10_weuclid.wav,3.374946
sp18_babble_sn10_rdc.wav,2.603648
sp18_babble_sn10_rdc_nest.wav,2.917628
sp18_babble_sn10_mb.wav,2.972922
sp18_babble_sn10_wavthre.wav,3.731086
sp18_babble_sn10_scalart.wav,3.269287
sp18_babble_sn10_tsoukalas.wav,4.318865
sp18_babble_sn10_unprocessed.wav,2.543992
sp19_babble_sn10_klt.wav,2.517515
sp19_babble_sn10_klt_jabloun.wav,2.725471
sp19_babble_sn10_stsa.wav,2.72433
sp19_babble_sn10_logstsa.wav,2.685546
sp19_babble_sn10_logstsa_nest.wav,2.781387
sp19_babble_sn10_logstsa_sap_q.wav,2.574751
sp19_babble_sn10_weuclid.wav,2.637695
sp19_babble_sn10_rdc.wav,2.472373
sp19_babble_sn10_rdc_nest.wav,2.394121
sp19_babble_sn10_mb.wav,2.532684
sp19_babble_sn10_wavthre.wav,2.777845
sp19_babble_sn10_scalart.wav,2.70846
sp19_babble_sn10_tsoukalas.wav,2.945404
sp19_babble_sn10_unprocessed.wav,2.578526
sp01_car_sn10_klt.wav,3.061988
sp01_car_sn10_klt_jabloun.wav,3.29767
sp01_car_sn10_stsa.wav,2.943936
sp01_car_sn10_logstsa.wav,2.803186
sp01_car_sn10_logstsa_nest.wav,2.625318
sp01_car_sn10_logstsa_sap_q.wav,3.576751
sp01_car_sn10_weuclid.wav,2.982529
sp01_car_sn10_rdc.wav,2.896611
sp01_car_sn10_rdc_nest.wav,2.774721
sp01_car_sn10_mb.wav,2.797891
sp01_car_sn10_wavthre.wav,3.441318
sp01_car_sn10_scalart.wav,2.810551
sp01_car_sn10_tsoukalas.wav,4.079084
sp01_car_sn10_unprocessed.wav,2.495505
sp02_car_sn10_klt.wav,3.80103
sp02_car_sn10_klt_jabloun.wav,4.02975
sp02_car_sn10_stsa.wav,3.490395
sp02_car_sn10_logstsa.wav,3.801387
sp02_car_sn10_logstsa_nest.wav,3.67882
sp02_car_sn10_logstsa_sap_q.wav,4.134411
sp02_car_sn10_weuclid.wav,3.544605
sp02_car_sn10_rdc.wav,3.422283
sp02_car_sn10_rdc_nest.wav,4.005041
sp02_car_sn10_mb.wav,3.951051
sp02_car_sn10_wavthre.wav,4.182817
sp02_car_sn10_scalart.wav,3.610084
sp02_car_sn10_tsoukalas.wav,4.73855
sp02_car_sn10_unprocessed.wav,3.699568
sp03_car_sn10_klt.wav,3.416774
sp03_car_sn10_klt_jabloun.wav,3.358843
sp03_car_sn10_stsa.wav,3.313448
sp03_car_sn10_logstsa.wav,3.152108
sp03_car_sn10_logstsa_nest.wav,3.031983
sp03_car_sn10_logstsa_sap_q.wav,4.308966
sp03_car_sn10_weuclid.wav,3.374919
sp03_car_sn10_rdc.wav,3.153198
sp03_car_sn10_rdc_nest.wav,3.166071
sp03_car_sn10_mb.wav,2.972203
sp03_car_sn10_wavthre.wav,4.350074
sp03_car_sn10_scalart.wav,3.049178
sp03_car_sn10_tsoukalas.wav,4.434607
sp03_car_sn10_unprocessed.wav,2.675937
sp04_car_sn10_klt.wav,3.686185
sp04_car_sn10_klt_jabloun.wav,3.684501
sp04_car_sn10_stsa.wav,3.054741
sp04_car_sn10_logstsa.wav,3.484865
sp04_car_sn10_logstsa_nest.wav,3.430365
sp04_car_sn10_logstsa_sap_q.wav,4.448006
sp04_car_sn10_weuclid.wav,3.217454
sp04_car_sn10_rdc.wav,3.366191
sp04_car_sn10_rdc_nest.wav,3.777707
sp04_car_sn10_mb.wav,3.502557
sp04_car_sn10_wavthre.wav,3.835166
sp04_car_sn10_scalart.wav,3.468684
sp04_car_sn10_tsoukalas.wav,4.248073
sp04_car_sn10_unprocessed.wav,3.621966
sp06_car_sn10_klt.wav,3.385986
sp06_car_sn10_klt_jabloun.wav,3.144196
sp06_car_sn10_stsa.wav,3.432471
sp06_car_sn10_logstsa.wav,3.172862
sp06_car_sn10_logstsa_nest.wav,2.930094
sp06_car_sn10_logstsa_sap_q.wav,3.33781
sp06_car_sn10_weuclid.wav,3.120581
sp06_car_sn10_rdc.wav,3.080187
sp06_car_sn10_rdc_nest.wav,3.19389
sp06_car_sn10_mb.wav,3.319156
sp06_car_sn10_wavthre.wav,3.312936
sp06_car_sn10_scalart.wav,2.912709
sp06_car_sn10_tsoukalas.wav,2.692075
sp06_car_sn10_unprocessed.wav,3.470351
sp07_car_sn10_klt.wav,3.228026
sp07_car_sn10_klt_jabloun.wav,3.61383
sp07_car_sn10_stsa.wav,3.651253
sp07_car_sn10_logstsa.wav,3.53452
sp07_car_sn10_logstsa_nest.wav,3.73558
sp07_car_sn10_logstsa_sap_q.wav,3.793767
sp07_car_sn10_weuclid.wav,3.298114
sp07_car_sn10_rdc.wav,3.289367
sp07_car_sn10_rdc_nest.wav,2.835835
sp07_car_sn10_mb.wav,3.442491
sp07_car_sn10_wavthre.wav,3.170055
sp07_car_sn10_scalart.wav,3.253866
sp07_car_sn10_tsoukalas.wav,3.94316
sp07_car_sn10_unprocessed.wav,3.291429
sp08_car_sn10_klt.wav,3.415408
sp08_car_sn10_klt_jabloun.wav,3.11552
sp08_car_sn10_stsa.wav,2.946742
sp08_car_sn10_logstsa.wav,3.352952
sp08_car_sn10_logstsa_nest.wav,3.072399
sp08_car_sn10_logstsa_sap_q.wav,3.19113
sp08_car_sn10_weuclid.wav,2.994923
sp08_car_sn10_rdc.wav,2.995659
sp08_car_sn10_rdc_nest.wav,3.358388
sp08_car_sn10_mb.wav,3.205679
sp08_car_sn10_wavthre.wav,3.623953
sp08_car_sn10_scalart.wav,3.011084
sp08_car_sn10_tsoukalas.wav,3.912091
sp08_car_sn10_unprocessed.wav,3.299951
sp09_car_sn10_klt.wav,3.42307
sp09_car_sn10_klt_jabloun.wav,3.267429
sp09_car_sn10_stsa.wav,2.268197
sp09_car_sn10_logstsa.wav,2.495704
sp09_car_sn10_logstsa_nest.wav,2.76635
sp09_car_sn10_logstsa_sap_q.wav,3.197871
sp09_car_sn10_weuclid.wav,2.300806
sp09_car_sn10_rdc.wav,3.124985
sp09_car_sn10_rdc_nest.wav,2.779278
sp09_car_sn10_mb.wav,2.847044
sp09_car_sn10_wavthre.wav,3.190832
sp09_car_sn10_scalart.wav,3.142363
sp09_car_sn10_tsoukalas.wav,3.94314
sp09_car_sn10_unprocessed.wav,4.135447
sp11_car_sn10_klt.wav,2.836331
sp11_car_sn10_klt_jabloun.wav,2.490328
sp11_car_sn10_stsa.wav,3.37309
sp11_car_sn10_logstsa.wav,3.396009
sp11_car_sn10_logstsa_nest.wav,3.082095
sp11_car_sn10_logstsa_sap_q.wav,4.147946
sp11_car_sn10_weuclid.wav,3.466549
sp11_car_sn10_rdc.wav,2.705168
sp11_car_sn10_rdc_nest.wav,2.591659
sp11_car_sn10_mb.wav,3.453755
sp11_car_sn10_wavthre.wav,3.144227
sp11_car_sn10_scalart.wav,3.491881
sp11_car_sn10_tsoukalas.wav,3.59771
sp11_car_sn10_unprocessed.wav,2.912466
sp12_car_sn10_klt.wav,2.915992
sp12_car_sn10_klt_jabloun.wav,2.983602
sp12_car_sn10_stsa.wav,3.561926
sp12_car_sn10_logstsa.wav,3.377659
sp12_car_sn10_logstsa_nest.wav,3.587628
sp12_car_sn10_logstsa_sap_q.wav,4.292468
sp12_car_sn10_weuclid.wav,3.270233
sp12_car_sn10_rdc.wav,2.500765
sp12_car_sn10_rdc_nest.wav,2.277405
sp12_car_sn10_mb.wav,3.120711
sp12_car_sn10_wavthre.wav,2.843047
sp12_car_sn10_scalart.wav,3.429615
sp12_car_sn10_tsoukalas.wav,4.268282
sp12_car_sn10_unprocessed.wav,2.054331
sp13_car_sn10_klt.wav,3.030339
sp13_car_sn10_klt_jabloun.wav,3.267135
sp13_car_sn10_stsa.wav,3.62305
sp13_car_sn10_logstsa.wav,3.423957
sp13_car_sn10_logstsa_nest.wav,3.745577
sp13_car_sn10_logstsa_sap_q.wav,4.489227
sp13_car_sn10_weuclid.wav,3.472535
sp13_car_sn10_rdc.wav,2.870121
sp13_car_sn10_rdc_nest.wav,3.074413
sp13_car_sn10_mb.wav,3.430717
sp13_car_sn10_wavthre.wav,3.453819
sp13_car_sn10_scalart.wav,3.612761
sp13_car_sn10_tsoukalas.wav,4.406067
sp13_car_sn10_unprocessed.wav,2.855218
sp14_car_sn10_klt.wav,2.787394
sp14_car_sn10_klt_jabloun.wav,3.04147
sp14_car_sn10_stsa.wav,3.122749
sp14_car_sn10_logstsa.wav,2.864159
sp14_car_sn10_logstsa_nest.wav,2.983152
sp14_car_sn10_logstsa_sap_q.wav,4.05317
sp14_car_sn10_weuclid.wav,3.089567
sp14_car_sn10_rdc.wav,2.088131
sp14_car_sn10_rdc_nest.wav,2.419316
sp14_car_sn10_mb.wav,2.61554
sp14_car_sn10_wavthre.wav,3.000757
sp14_car_sn10_scalart.wav,2.769195
sp14_car_sn10_tsoukalas.wav,3.723114
sp14_car_sn10_unprocessed.wav,1.922362
sp16_car_sn10_klt.wav,2.524691
sp16_car_sn10_klt_jabloun.wav,2.518917
sp16_car_sn10_stsa.wav,3.496869
sp16_car_sn10_logstsa.wav,3.44501
sp16_car_sn10_logstsa_nest.wav,3.376575
sp16_car_sn10_logstsa_sap_q.wav,3.477747
sp16_car_sn10_weuclid.wav,3.494039
sp16_car_sn10_rdc.wav,2.485434
sp16_car_sn10_rdc_nest.wav,2.612545
sp16_car_sn10_mb.wav,2.908223
sp16_car_sn10_wavthre.wav,2.495423
sp16_car_sn10_scalart.wav,3.255358
sp16_car_sn10_tsoukalas.wav,3.156994
sp16_car_sn10_unprocessed.wav,2.653303
sp17_car_sn10_klt.wav,2.934922
sp17_car_sn10_klt_jabloun.wav,3.104166
sp17_car_sn10_stsa.wav,3.496382
sp17_car_sn10_logstsa.wav,3.857498
sp17_car_sn10_logstsa_nest.wav,4.027999
sp17_car_sn10_logstsa_sap_q.wav,3.882327
sp17_car_sn10_weuclid.wav,3.717893
sp17_car_sn10_rdc.wav,2.747815
sp17_car_sn10_rdc_nest.wav,2.429885
sp17_car_sn10_mb.wav,3.44028
sp17_car_sn10_wavthre.wav,3.148652
sp17_car_sn10_scalart.wav,3.406621
sp17_car_sn10_tsoukalas.wav,4.404945
sp17_car_sn10_unprocessed.wav,2.523033
sp18_car_sn10_klt.wav,3.14209
sp18_car_sn10_klt_jabloun.wav,3.208719
sp18_car_sn10_stsa.wav,2.909607
sp18_car_sn10_logstsa.wav,2.90919
sp18_car_sn10_logstsa_nest.wav,2.756052
sp18_car_sn10_logstsa_sap_q.wav,3.726678
sp18_car_sn10_weuclid.wav,3.009894
sp18_car_sn10_rdc.wav,1.953471
sp18_car_sn10_rdc_nest.wav,2.223265
sp18_car_sn10_mb.wav,2.807879
sp18_car_sn10_wavthre.wav,3.335013
sp18_car_sn10_scalart.wav,2.925667
sp18_car_sn10_tsoukalas.wav,4.266104
sp18_car_sn10_unprocessed.wav,2.575711
sp19_car_sn10_klt.wav,2.912474
sp19_car_sn10_klt_jabloun.wav,2.288165
sp19_car_sn10_stsa.wav,2.984785
sp19_car_sn10_logstsa.wav,2.9665
sp19_car_sn10_logstsa_nest.wav,3.005632
sp19_car_sn10_logstsa_sap_q.wav,4.07504
sp19_car_sn10_weuclid.wav,3.272826
sp19_car_sn10_rdc.wav,2.038043
sp19_car_sn10_rdc_nest.wav,2.094596
sp19_car_sn10_mb.wav,2.794392
sp19_car_sn10_wavthre.wav,2.321401
sp19_car_sn10_scalart.wav,2.789119
sp19_car_sn10_tsoukalas.wav,4.155281
sp19_car_sn10_unprocessed.wav,2.526096
sp01_street_sn10_klt.wav,2.384931
sp01_street_sn10_klt_jabloun.wav,2.901278
sp01_street_sn10_stsa.wav,3.062945
sp01_street_sn10_logstsa.wav,2.932161
sp01_street_sn10_logstsa_nest.wav,2.199635
sp01_street_sn10_logstsa_sap_q.wav,3.968247
sp01_street_sn10_weuclid.wav,3.159973
sp01_street_sn10_rdc.wav,2.681731
sp01_street_sn10_rdc_nest.wav,2.039558
sp01_street_sn10_mb.wav,2.442754
sp01_street_sn10_wavthre.wav,3.181151
sp01_street_sn10_scalart.wav,2.721049
sp01_street_sn10_tsoukalas.wav,2.547442
sp01_street_sn10_unprocessed.wav,2.388139
sp02_street_sn10_klt.wav,3.613452
sp02_street_sn10_klt_jabloun.wav,3.759381
sp02_street_sn10_stsa.wav,3.330731
sp02_street_sn10_logstsa.wav,3.657297
sp02_street_sn10_logstsa_nest.wav,3.53888
sp02_street_sn10_logstsa_sap_q.wav,3.599405
sp02_street_sn10_weuclid.wav,3.105402
sp02_street_sn10_rdc.wav,3.323181
sp02_street_sn10_rdc_nest.wav,3.620474
sp02_street_sn10_mb.wav,3.666589
sp02_street_sn10_wavthre.wav,3.924869
sp02_street_sn10_scalart.wav,3.710327
sp02_street_sn10_tsoukalas.wav,4.192064
sp02_street_sn10_unprocessed.wav,3.330345
sp03_street_sn10_klt.wav,4.084181
sp03_street_sn10_klt_jabloun.wav,3.398595
sp03_street_sn10_stsa.wav,3.153915
sp03_street_sn10_logstsa.wav,3.591145
sp03_street_sn10_logstsa_nest.wav,3.190121
sp03_street_sn10_logstsa_sap_q.wav,4.553511
sp03_street_sn10_weuclid.wav,2.900433
sp03_street_sn10_rdc.wav,3.349684
sp03_street_sn10_rdc_nest.wav,3.339678
sp03_street_sn10_mb.wav,3.427738
sp03_street_sn10_wavthre.wav,4.208787
sp03_street_sn10_scalart.wav,3.526706
sp03_street_sn10_tsoukalas.wav,4.497446
sp03_street_sn10_unprocessed.wav,3.516266
sp04_street_sn10_klt.wav,3.47472
sp04_street_sn10_klt_jabloun.wav,3.68344
sp04_street_sn10_stsa.wav,3.267503
sp04_street_sn10_logstsa.wav,3.592056
sp04_street_sn10_logstsa_nest.wav,3.172957
sp04_street_sn10_logstsa_sap_q.wav,3.288274
sp04_street_sn10_weuclid.wav,3.232381
sp04_street_sn10_rdc.wav,3.721944
sp04_street_sn10_rdc_nest.wav,3.848464
sp04_street_sn10_mb.wav,3.289895
sp04_street_sn10_wavthre.wav,4.09572
sp04_street_sn10_scalart.wav,3.533447
sp04_street_sn10_tsoukalas.wav,4.266987
sp04_street_sn10_unprocessed.wav,4.063884
sp06_street_sn10_klt.wav,3.401903
sp06_street_sn10_klt_jabloun.wav,2.895799
sp06_street_sn10_stsa.wav,3.150755
sp06_street_sn10_logstsa.wav,3.056577
sp06_street_sn10_logstsa_nest.wav,3.372555
sp06_street_sn10_logstsa_sap_q.wav,3.282459
sp06_street_sn10_weuclid.wav,2.612764
sp06_street_sn10_rdc.wav,2.890286
sp06_street_sn10_rdc_nest.wav,3.275355
sp06_street_sn10_mb.wav,3.103838
sp06_street_sn10_wavthre.wav,3.146064
sp06_street_sn10_scalart.wav,3.532366
sp06_street_sn10_tsoukalas.wav,3.609307
sp06_street_sn10_unprocessed.wav,3.684403
sp07_street_sn10_klt.wav,3.0681
sp07_street_sn10_klt_jabloun.wav,3.059124
sp07_street_sn10_stsa.wav,3.016059
sp07_street_sn10_logstsa.wav,3.306794
sp07_street_sn10_logstsa_nest.wav,3.19697
sp07_street_sn10_logstsa_sap_q.wav,2.949392
sp07_street_sn10_weuclid.wav,2.814
sp07_street_sn10_rdc.wav,2.794271
sp07_street_sn10_rdc_nest.wav,2.897522
sp07_street_sn10_mb.wav,2.544756
sp07_street_sn10_wavthre.wav,2.734344
sp07_street_sn10_scalart.wav,2.989595
sp07_street_sn10_tsoukalas.wav,2.470491
sp07_street_sn10_unprocessed.wav,3.03646
sp08_street_sn10_klt.wav,3.720548
sp08_street_sn10_klt_jabloun.wav,3.545049
sp08_street_sn10_stsa.wav,2.608526
sp08_street_sn10_logstsa.wav,2.883044
sp08_street_sn10_logstsa_nest.wav,2.790634
sp08_street_sn10_logstsa_sap_q.wav,2.784469
sp08_street_sn10_weuclid.wav,2.206927
sp08_street_sn10_rdc.wav,3.30322
sp08_street_sn10_rdc_nest.wav,3.34303
sp08_street_sn10_mb.wav,2.845377
sp08_street_sn10_wavthre.wav,3.63019
sp08_street_sn10_scalart.wav,2.907147
sp08_street_sn10_tsoukalas.wav,4.090212
sp08_street_sn10_unprocessed.wav,2.983597
sp09_street_sn10_klt.wav,3.701756
sp09_street_sn10_klt_jabloun.wav,3.406163
sp09_street_sn10_stsa.wav,2.449288
sp09_street_sn10_logstsa.wav,2.522267
sp09_street_sn10_logstsa_nest.wav,2.626185
sp09_street_sn10_logstsa_sap_q.wav,3.16
sp09_street_sn10_weuclid.wav,2.562279
sp09_street_sn10_rdc.wav,2.830489
sp09_street_sn10_rdc_nest.wav,3.170789
sp09_street_sn10_mb.wav,2.838152
sp09_street_sn10_wavthre.wav,3.294755
sp09_street_sn10_scalart.wav,3.081616
sp09_street_sn10_tsoukalas.wav,3.057422
sp09_street_sn10_unprocessed.wav,4.019683
sp11_street_sn10_klt.wav,3.170408
sp11_street_sn10_klt_jabloun.wav,3.193942
sp11_street_sn10_stsa.wav,3.442855
sp11_street_sn10_logstsa.wav,3.358627
sp11_street_sn10_logstsa_nest.wav,3.215584
sp11_street_sn10_logstsa_sap_q.wav,5
sp11_street_sn10_weuclid.wav,3.341793
sp11_street_sn10_rdc.wav,3.394386
sp11_street_sn10_rdc_nest.wav,3.271678
sp11_street_sn10_mb.wav,3.902674
sp11_street_sn10_wavthre.wav,4.236685
sp11_street_sn10_scalart.wav,3.77965
sp11_street_sn10_tsoukalas.wav,3.867488
sp11_street_sn10_unprocessed.wav,3.057339
sp12_street_sn10_klt.wav,3.018913
sp12_street_sn10_klt_jabloun.wav,3.083032
sp12_street_sn10_stsa.wav,3.192769
sp12_street_sn10_logstsa.wav,2.903664
sp12_street_sn10_logstsa_nest.wav,3.1673
sp12_street_sn10_logstsa_sap_q.wav,3.272557
sp12_street_sn10_weuclid.wav,3.229094
sp12_street_sn10_rdc.wav,2.573145
sp12_street_sn10_rdc_nest.wav,2.755613
sp12_street_sn10_mb.wav,3.277074
sp12_street_sn10_wavthre.wav,3.416401
sp12_street_sn10_scalart.wav,3.576964
sp12_street_sn10_tsoukalas.wav,4.034634
sp12_street_sn10_unprocessed.wav,2.597905
sp13_street_sn10_klt.wav,3.544043
sp13_street_sn10_klt_jabloun.wav,3.336271
sp13_street_sn10_stsa.wav,3.218503
sp13_street_sn10_logstsa.wav,3.018261
sp13_street_sn10_logstsa_nest.wav,3.586775
sp13_street_sn10_logstsa_sap_q.wav,3.745564
sp13_street_sn10_weuclid.wav,3.255414
sp13_street_sn10_rdc.wav,2.951992
sp13_street_sn10_rdc_nest.wav,3.030591
sp13_street_sn10_mb.wav,3.235781
sp13_street_sn10_wavthre.wav,3.505238
sp13_street_sn10_scalart.wav,3.265707
sp13_street_sn10_tsoukalas.wav,4.020867
sp13_street_sn10_unprocessed.wav,3.28187
sp14_street_sn10_klt.wav,2.927919
sp14_street_sn10_klt_jabloun.wav,3.1074
sp14_street_sn10_stsa.wav,2.960339
sp14_street_sn10_logstsa.wav,3.096177
sp14_street_sn10_logstsa_nest.wav,2.828766
sp14_street_sn10_logstsa_sap_q.wav,3.901424
sp14_street_sn10_weuclid.wav,3.254221
sp14_street_sn10_rdc.wav,3.183539
sp14_street_sn10_rdc_nest.wav,2.97256
sp14_street_sn10_mb.wav,3.148665
sp14_street_sn10_wavthre.wav,3.491123
sp14_street_sn10_scalart.wav,3.461167
sp14_street_sn10_tsoukalas.wav,3.122363
sp14_street_sn10_unprocessed.wav,2.010008
sp16_street_sn10_klt.wav,2.841138
sp16_street_sn10_klt_jabloun.wav,2.946157
sp16_street_sn10_stsa.wav,3.521137
sp16_street_sn10_logstsa.wav,3.683376
sp16_street_sn10_logstsa_nest.wav,3.098399
sp16_street_sn10_logstsa_sap_q.wav,3.391884
sp16_street_sn10_weuclid.wav,3.557832
sp16_street_sn10_rdc.wav,2.791255
sp16_street_sn10_rdc_nest.wav,2.49921
sp16_street_sn10_mb.wav,3.146012
sp16_street_sn10_wavthre.wav,3.23056
sp16_street_sn10_scalart.wav,3.214273
sp16_street_sn10_tsoukalas.wav,3.328032
sp16_street_sn10_unprocessed.wav,2.774243
sp17_street_sn10_klt.wav,2.971058
sp17_street_sn10_klt_jabloun.wav,3.120865
sp17_street_sn10_stsa.wav,4.305283
sp17_street_sn10_logstsa.wav,4.163068
sp17_street_sn10_logstsa_nest.wav,4.184191
sp17_street_sn10_logstsa_sap_q.wav,4.161877
sp17_street_sn10_weuclid.wav,4.181778
sp17_street_sn10_rdc.wav,2.906614
sp17_street_sn10_rdc_nest.wav,3.129866
sp17_street_sn10_mb.wav,3.454955
sp17_street_sn10_wavthre.wav,3.315178
sp17_street_sn10_scalart.wav,3.971142
sp17_street_sn10_tsoukalas.wav,4.775525
sp17_street_sn10_unprocessed.wav,2.977596
sp18_street_sn10_klt.wav,2.77689
sp18_street_sn10_klt_jabloun.wav,3.304583
sp18_street_sn10_stsa.wav,3.01334
sp18_street_sn10_logstsa.wav,3.214777
sp18_street_sn10_logstsa_nest.wav,3.488914
sp18_street_sn10_logstsa_sap_q.wav,3.718173
sp18_street_sn10_weuclid.wav,3.181203
sp18_street_sn10_rdc.wav,2.393061
sp18_street_sn10_rdc_nest.wav,2.620099
sp18_street_sn10_mb.wav,2.339202
sp18_street_sn10_wavthre.wav,3.544729
sp18_street_sn10_scalart.wav,2.915139
sp18_street_sn10_tsoukalas.wav,3.915747
sp18_street_sn10_unprocessed.wav,2.290158
sp19_street_sn10_klt.wav,3.196782
sp19_street_sn10_klt_jabloun.wav,3.183589
sp19_street_sn10_stsa.wav,3.305333
sp19_street_sn10_logstsa.wav,2.991679
sp19_street_sn10_logstsa_nest.wav,3.017696
sp19_street_sn10_logstsa_sap_q.wav,5
sp19_street_sn10_weuclid.wav,3.243623
sp19_street_sn10_rdc.wav,2.410757
sp19_street_sn10_rdc_nest.wav,2.588075
sp19_street_sn10_mb.wav,2.770151
sp19_street_sn10_wavthre.wav,4.230554
sp19_street_sn10_scalart.wav,3.3891
sp19_street_sn10_tsoukalas.wav,2.682587
sp19_street_sn10_unprocessed.wav,2.3938
sp01_train_sn10_klt.wav,3.168669
sp01_train_sn10_klt_jabloun.wav,2.894051
sp01_train_sn10_stsa.wav,3.055675
sp01_train_sn10_logstsa.wav,2.952623
sp01_train_sn10_logstsa_nest.wav,2.833725
sp01_train_sn10_logstsa_sap_q.wav,3.205046
sp01_train_sn10_weuclid.wav,2.936109
sp01_train_sn10_rdc.wav,3.083109
sp01_train_sn10_rdc_nest.wav,2.945034
sp01_train_sn10_mb.wav,2.846209
sp01_train_sn10_wavthre.wav,3.529349
sp01_train_sn10_scalart.wav,3.45082
sp01_train_sn10_tsoukalas.wav,5
sp01_train_sn10_unprocessed.wav,2.488991
sp02_train_sn10_klt.wav,3.698439
sp02_train_sn10_klt_jabloun.wav,3.986828
sp02_train_sn10_stsa.wav,3.346735
sp02_train_sn10_logstsa.wav,3.521966
sp02_train_sn10_logstsa_nest.wav,3.582304
sp02_train_sn10_logstsa_sap_q.wav,3.449273
sp02_train_sn10_weuclid.wav,3.274442
sp02_train_sn10_rdc.wav,3.606186
sp02_train_sn10_rdc_nest.wav,3.341614
sp02_train_sn10_mb.wav,3.78487
sp02_train_sn10_wavthre.wav,3.931201
sp02_train_sn10_scalart.wav,3.655067
sp02_train_sn10_tsoukalas.wav,3.985766
sp02_train_sn10_unprocessed.wav,3.66876
sp03_train_sn10_klt.wav,3.273035
sp03_train_sn10_klt_jabloun.wav,3.414738
sp03_train_sn10_stsa.wav,3.054213
sp03_train_sn10_logstsa.wav,3.047366
sp03_train_sn10_logstsa_nest.wav,3.260107
sp03_train_sn10_logstsa_sap_q.wav,3.93298
sp03_train_sn10_weuclid.wav,3.054426
sp03_train_sn10_rdc.wav,3.758149
sp03_train_sn10_rdc_nest.wav,3.5941
sp03_train_sn10_mb.wav,3.40893
sp03_train_sn10_wavthre.wav,3.736123
sp03_train_sn10_scalart.wav,3.265282
sp03_train_sn10_tsoukalas.wav,3.941041
sp03_train_sn10_unprocessed.wav,4.081805
sp04_train_sn10_klt.wav,3.650914
sp04_train_sn10_klt_jabloun.wav,3.888669
sp04_train_sn10_stsa.wav,3.307472
sp04_train_sn10_logstsa.wav,3.476801
sp04_train_sn10_logstsa_nest.wav,3.616706
sp04_train_sn10_logstsa_sap_q.wav,3.526447
sp04_train_sn10_weuclid.wav,3.340828
sp04_train_sn10_rdc.wav,3.691795
sp04_train_sn10_rdc_nest.wav,3.781583
sp04_train_sn10_mb.wav,3.632308
sp04_train_sn10_wavthre.wav,3.861123
sp04_train_sn10_scalart.wav,3.575094
sp04_train_sn10_tsoukalas.wav,3.570933
sp04_train_sn10_unprocessed.wav,4.114519
sp06_train_sn10_klt.wav,3.371639
sp06_train_sn10_klt_jabloun.wav,3.069626
sp06_train_sn10_stsa.wav,3.077353
sp06_train_sn10_logstsa.wav,3.052361
sp06_train_sn10_logstsa_nest.wav,3.025919
sp06_train_sn10_logstsa_sap_q.wav,3.500507
sp06_train_sn10_weuclid.wav,3.129092
sp06_train_sn10_rdc.wav,3.104192
sp06_train_sn10_rdc_nest.wav,3.194752
sp06_train_sn10_mb.wav,3.234978
sp06_train_sn10_wavthre.wav,3.307141
sp06_train_sn10_scalart.wav,3.077085
sp06_train_sn10_tsoukalas.wav,3.459117
sp06_train_sn10_unprocessed.wav,3.328059
sp07_train_sn10_klt.wav,3.668669
sp07_train_sn10_klt_jabloun.wav,3.782528
sp07_train_sn10_stsa.wav,3.689848
sp07_train_sn10_logstsa.wav,3.766631
sp07_train_sn10_logstsa_nest.wav,3.372671
sp07_train_sn10_logstsa_sap_q.wav,3.828149
sp07_train_sn10_weuclid.wav,3.28851
sp07_train_sn10_rdc.wav,3.361315
sp07_train_sn10_rdc_nest.wav,3.195908
sp07_train_sn10_mb.wav,3.411416
sp07_train_sn10_wavthre.wav,3.575706
sp07_train_sn10_scalart.wav,3.481749
sp07_train_sn10_tsoukalas.wav,3.960872
sp07_train_sn10_unprocessed.wav,2.9553
sp08_train_sn10_klt.wav,2.933323
sp08_train_sn10_klt_jabloun.wav,3.381625
sp08_train_sn10_stsa.wav,2.910551
sp08_train_sn10_logstsa.wav,3.164596
sp08_train_sn10_logstsa_nest.wav,3.137571
sp08_train_sn10_logstsa_sap_q.wav,2.904815
sp08_train_sn10_weuclid.wav,3.045192
sp08_train_sn10_rdc.wav,2.976249
sp08_train_sn10_rdc_nest.wav,2.787912
sp08_train_sn10_mb.wav,2.84832
sp08_train_sn10_wavthre.wav,3.48891
sp08_train_sn10_scalart.wav,3.758816
sp08_train_sn10_tsoukalas.wav,3.60024
sp08_train_sn10_unprocessed.wav,3.191658
sp09_train_sn10_klt.wav,3.324352
sp09_train_sn10_klt_jabloun.wav,3.578367
sp09_train_sn10_stsa.wav,2.704368
sp09_train_sn10_logstsa.wav,3.1041
sp09_train_sn10_logstsa_nest.wav,2.921554
sp09_train_sn10_logstsa_sap_q.wav,3.237952
sp09_train_sn10_weuclid.wav,2.857911
sp09_train_sn10_rdc.wav,3.511798
sp09_train_sn10_rdc_nest.wav,3.039946
sp09_train_sn10_mb.wav,2.973749
sp09_train_sn10_wavthre.wav,3.258413
sp09_train_sn10_scalart.wav,3.064308
sp09_train_sn10_tsoukalas.wav,3.269546
sp09_train_sn10_unprocessed.wav,3.232697
sp11_train_sn10_klt.wav,3.040588
sp11_train_sn10_klt_jabloun.wav,3.115091
sp11_train_sn10_stsa.wav,3.804879
sp11_train_sn10_logstsa.wav,3.466669
sp11_train_sn10_logstsa_nest.wav,3.548826
sp11_train_sn10_logstsa_sap_q.wav,3.69162
sp11_train_sn10_weuclid.wav,3.044547
sp11_train_sn10_rdc.wav,2.547464
sp11_train_sn10_rdc_nest.wav,2.685089
sp11_train_sn10_mb.wav,3.338953
sp11_train_sn10_wavthre.wav,3.276235
sp11_train_sn10_scalart.wav,3.309285
sp11_train_sn10_tsoukalas.wav,3.562212
sp11_train_sn10_unprocessed.wav,3.012255
sp12_train_sn10_klt.wav,3.272661
sp12_train_sn10_klt_jabloun.wav,2.8404
sp12_train_sn10_stsa.wav,3.394241
sp12_train_sn10_logstsa.wav,3.073591
sp12_train_sn10_logstsa_nest.wav,3.627717
sp12_train_sn10_logstsa_sap_q.wav,3.768909
sp12_train_sn10_weuclid.wav,3.332008
sp12_train_sn10_rdc.wav,2.971389
sp12_train_sn10_rdc_nest.wav,2.539971
sp12_train_sn10_mb.wav,3.373704
sp12_train_sn10_wavthre.wav,3.244407
sp12_train_sn10_scalart.wav,3.158245
sp12_train_sn10_tsoukalas.wav,3.144667
sp12_train_sn10_unprocessed.wav,3.021833
sp13_train_sn10_klt.wav,3.360585
sp13_train_sn10_klt_jabloun.wav,3.39164
sp13_train_sn10_stsa.wav,3.34258
sp13_train_sn10_logstsa.wav,3.434697
sp13_train_sn10_logstsa_nest.wav,3.419902
sp13_train_sn10_logstsa_sap_q.wav,4.034414
sp13_train_sn10_weuclid.wav,3.502005
sp13_train_sn10_rdc.wav,2.747017
sp13_train_sn10_rdc_nest.wav,2.828649
sp13_train_sn10_mb.wav,3.642667
sp13_train_sn10_wavthre.wav,3.951984
sp13_train_sn10_scalart.wav,3.002197
sp13_train_sn10_tsoukalas.wav,3.867385
sp13_train_sn10_unprocessed.wav,3.105516
sp14_train_sn10_klt.wav,2.490016
sp14_train_sn10_klt_jabloun.wav,3.02809
sp14_train_sn10_stsa.wav,2.942621
sp14_train_sn10_logstsa.wav,2.703698
sp14_train_sn10_logstsa_nest.wav,2.233672
sp14_train_sn10_logstsa_sap_q.wav,4.027663
sp14_train_sn10_weuclid.wav,2.920336
sp14_train_sn10_rdc.wav,2.753357
sp14_train_sn10_rdc_nest.wav,2.101072
sp14_train_sn10_mb.wav,2.908664
sp14_train_sn10_wavthre.wav,2.747897
sp14_train_sn10_scalart.wav,2.958288
sp14_train_sn10_tsoukalas.wav,4.183602
sp14_train_sn10_unprocessed.wav,2.445347
sp16_train_sn10_klt.wav,2.774681
sp16_train_sn10_klt_jabloun.wav,2.476976
sp16_train_sn10_stsa.wav,3.234041
sp16_train_sn10_logstsa.wav,2.909719
sp16_train_sn10_logstsa_nest.wav,2.948087
sp16_train_sn10_logstsa_sap_q.wav,3.343003
sp16_train_sn10_weuclid.wav,2.975939
sp16_train_sn10_rdc.wav,2.522871
sp16_train_sn10_rdc_nest.wav,2.57088
sp16_train_sn10_mb.wav,2.824462
sp16_train_sn10_wavthre.wav,2.985449
sp16_train_sn10_scalart.wav,3.159839
sp16_train_sn10_tsoukalas.wav,2.801054
sp16_train_sn10_unprocessed.wav,2.510586
sp17_train_sn10_klt.wav,3.19619
sp17_train_sn10_klt_jabloun.wav,3.596437
sp17_train_sn10_stsa.wav,3.683599
sp17_train_sn10_logstsa.wav,4.041164
sp17_train_sn10_logstsa_nest.wav,4.226978
sp17_train_sn10_logstsa_sap_q.wav,4.424115
sp17_train_sn10_weuclid.wav,3.746219
sp17_train_sn10_rdc.wav,2.943123
sp17_train_sn10_rdc_nest.wav,2.902106
sp17_train_sn10_mb.wav,3.588107
sp17_train_sn10_wavthre.wav,3.372955
sp17_train_sn10_scalart.wav,4.470046
sp17_train_sn10_tsoukalas.wav,5
sp17_train_sn10_unprocessed.wav,3.139531
sp18_train_sn10_klt.wav,3.284825
sp18_train_sn10_klt_jabloun.wav,3.252006
sp18_train_sn10_stsa.wav,3.200796
sp18_train_sn10_logstsa.wav,3.06804
sp18_train_sn10_logstsa_nest.wav,3.658841
sp18_train_sn10_logstsa_sap_q.wav,3.291006
sp18_train_sn10_weuclid.wav,2.97872
sp18_train_sn10_rdc.wav,2.965123
sp18_train_sn10_rdc_nest.wav,2.980877
sp18_train_sn10_mb.wav,2.938219
sp18_train_sn10_wavthre.wav,3.421095
sp18_train_sn10_scalart.wav,2.928158
sp18_train_sn10_tsoukalas.wav,4.040844
sp18_train_sn10_unprocessed.wav,2.612885
sp19_train_sn10_klt.wav,2.207161
sp19_train_sn10_klt_jabloun.wav,2.417723
sp19_train_sn10_stsa.wav,2.495765
sp19_train_sn10_logstsa.wav,2.433478
sp19_train_sn10_logstsa_nest.wav,2.336298
sp19_train_sn10_logstsa_sap_q.wav,3.931386
sp19_train_sn10_weuclid.wav,2.422724
sp19_train_sn10_rdc.wav,2.464488
sp19_train_sn10_rdc_nest.wav,2.395625
sp19_train_sn10_mb.wav,2.85409
sp19_train_sn10_wavthre.wav,2.550292
sp19_train_sn10_scalart.wav,2.344619
sp19_train_sn10_tsoukalas.wav,4.569236
sp19_train_sn10_unprocessed.wav,2.284566
